participant_id,participant_id_dataset,semester_id,date,year,academic_year,semester,days_since_semester_start,first_day_of_the_semester,dataset_of_origin,torr_set1_score,torr_set2_score,atmi_score,wj_score,torr_s1_q1_resp,torr_s1_q2_resp,torr_s1_q3_resp,torr_s1_q4_resp,torr_s1_q5_resp,torr_s1_q6_resp,torr_s1_q7_resp,torr_s1_q8_resp,torr_s2_q1_resp,torr_s2_q2_resp,torr_s2_q3_resp,torr_s2_q4_resp,torr_s2_q5_resp,torr_s2_q6_resp,torr_s2_q7_resp,torr_s2_q8_resp,q1_r_sc,q2_r_sc,q3_r_sc,q4_r_sc,q5_r_sc,q6_sc,q7_sc,q8_sc,q9_sc,q10_r_sc,q11_sc,q12_sc,q13_val,q14_val,q15_val,q16_val,q17_val,q18_val,q19_val,q20_enj,q21_r_enj,q22_enj,q23_enj,q24_enj,q25_enj,q26_enj,q27_enj,q28_enj,q29_mot,q30_r_mot,q31_mot,q32_mot,x63,x64
SEP_7_0001,502,spring-2020,2020-03-22,2020,2019-2020,spring,61,2020-01-21,7,7,8,108,77,A,C,B,B,D,B,A,A,B,C,C,D,A,D,A,D,2,2,2,2,2,3,4,4,3,2,3,4,5,4,5,5,4,5,4,4,2,4,5,4,2,4,3,3,3,2,4,3,NA,NA
SEP_7_0002,914,spring-2020,2020-03-18,2020,2019-2020,spring,57,2020-01-21,7,5,5,98,77,A,B,B,C,D,C,A,C,A,C,C,D,A,C,A,C,4,4,2,2,2,4,3,3,3,5,2,2,2,3,3,4,3,4,4,4,2,2,2,3,3,4,4,3,3,3,3,3,NA,NA
SEP_7_0003,950,spring-2020,2020-04-22,2020,2019-2020,spring,92,2020-01-21,7,3,1,92,97,C,B,B,A,B,D,B,A,B,B,D,C,C,C,B,A,1,3,4,2,2,3,4,4,4,1,3,4,3,3,4,4,3,2,2,3,3,2,2,3,4,3,3,4,2,4,2,1,NA,NA
SEP_7_0004,3002,spring-2020,2020-03-22,2020,2019-2020,spring,61,2020-01-21,7,5,4,104,75,B,B,B,B,D,C,A,D,B,C,D,B,A,D,B,B,1,1,1,1,1,4,5,4,5,1,4,4,5,5,5,5,4,4,4,4,3,3,3,3,3,3,3,3,3,3,3,3,NA,NA
SEP_7_0005,3135,spring-2020,2020-03-20,2020,2019-2020,spring,59,2020-01-21,7,3,2,102,100,C,C,B,C,D,B,C,D,B,B,D,B,C,A,A,C,2,2,2,2,2,2,2,2,2,2,2,2,4,4,4,4,4,4,4,4,4,4,4,4,4,4,4,4,4,2,4,4,NA,NA
SEP_7_0006,3289,spring-2020,2020-03-23,2020,2019-2020,spring,62,2020-01-21,7,4,4,87,90,A,C,C,B,A,B,A,C,B,B,A,B,A,D,A,C,4,2,4,3,3,2,2,2,3,2,2,3,3,2,4,3,2,4,3,2,4,3,3,2,1,3,2,2,3,4,3,2,NA,NA
SEP_7_0007,5217,spring-2020,2020-03-18,2020,2019-2020,spring,57,2020-01-21,7,0,3,110,93,D,C,C,C,A,A,C,D,C,A,A,D,A,C,B,D,2,2,2,3,3,2,3,4,3,2,3,4,4,5,5,5,5,4,4,4,3,4,2,3,2,4,5,5,4,2,3,4,NA,NA
SEP_7_0008,5399,spring-2020,2020-03-22,2020,2019-2020,spring,61,2020-01-21,7,6,3,96,108,D,D,B,B,D,B,A,A,B,B,B,D,C,A,A,C,4,1,1,2,4,5,5,4,5,2,4,4,2,2,3,2,2,4,2,4,4,2,4,2,1,2,4,4,4,4,2,1,NA,NA
SEP_7_0009,5690,spring-2020,2020-04-04,2020,2019-2020,spring,74,2020-01-21,7,3,7,112,85,A,C,B,C,B,D,A,B,B,C,C,C,A,D,A,D,2,1,1,1,1,5,5,5,5,1,5,5,5,3,4,5,4,4,4,3,2,3,5,3,3,4,5,5,5,2,3,3,NA,NA
SEP_7_0010,6257,spring-2020,2020-03-22,2020,2019-2020,spring,61,2020-01-21,7,5,4,120,66,D,B,B,B,D,A,A,D,B,C,C,D,D,A,C,C,1,1,1,1,1,5,5,4,5,1,5,5,5,5,5,5,4,5,3,5,1,5,5,5,5,5,5,4,5,1,4,3,NA,NA
SEP_7_0011,6942,spring-2020,2020-03-17,2020,2019-2020,spring,56,2020-01-21,7,4,4,93,58,A,B,B,C,B,D,C,A,A,C,B,C,A,D,A,C,4,4,4,4,4,2,2,2,2,4,2,3,2,4,3,3,3,3,2,2,2,4,4,2,2,4,2,2,3,3,3,3,NA,NA
SEP_7_0012,7334,spring-2020,2020-03-21,2020,2019-2020,spring,60,2020-01-21,7,4,6,104,107,D,C,B,A,D,B,A,D,B,A,C,D,A,D,A,C,2,2,2,2,2,3,3,4,4,2,4,4,4,4,4,3,3,4,4,4,2,4,4,4,2,4,4,4,4,2,4,2,NA,NA
SEP_7_0013,8909,spring-2020,2020-03-18,2020,2019-2020,spring,57,2020-01-21,7,2,6,102,101,A,C,B,A,B,A,B,B,C,C,C,D,A,C,A,D,2,2,3,2,2,3,2,5,3,2,4,4,4,4,4,4,4,4,4,4,2,4,3,4,3,4,2,3,4,3,3,1,NA,NA
SEP_7_0014,9504,spring-2020,2020-03-20,2020,2019-2020,spring,59,2020-01-21,7,2,4,102,81,D,C,A,C,D,A,A,C,C,C,C,D,A,C,C,C,2,2,3,2,3,2,3,4,5,3,4,3,4,3,4,3,3,4,4,4,4,3,4,3,2,2,4,3,3,4,3,2,NA,NA
SEP_7_0015,11985,spring-2020,2020-03-19,2020,2019-2020,spring,58,2020-01-21,7,1,4,100,95,D,C,A,C,A,A,A,C,B,C,C,B,A,A,B,C,4,3,4,4,4,2,2,3,3,4,3,3,4,4,4,4,4,3,3,2,4,3,4,3,2,2,3,3,2,3,2,2,NA,NA
SEP_7_0016,12173,spring-2020,2020-03-22,2020,2019-2020,spring,61,2020-01-21,7,4,5,106,101,B,B,B,C,D,C,A,D,B,C,B,D,A,D,C,C,5,3,4,4,5,3,2,3,2,3,3,3,4,4,4,4,4,4,3,1,3,3,5,2,2,3,5,4,3,4,1,3,NA,NA
SEP_7_0017,12272,spring-2020,2020-04-18,2020,2019-2020,spring,88,2020-01-21,7,8,6,120,94,A,B,B,B,D,B,A,A,B,A,C,D,A,D,A,B,1,1,2,2,1,4,5,5,5,2,4,4,5,5,5,4,5,5,5,5,2,5,5,5,4,4,4,4,4,2,3,3,NA,NA
SEP_7_0018,13839,spring-2020,2020-03-18,2020,2019-2020,spring,57,2020-01-21,7,3,2,96,76,D,C,B,C,A,B,A,C,C,A,B,D,B,B,A,C,3,3,3,3,3,3,3,3,3,3,3,3,3,3,3,3,3,3,3,3,3,3,3,3,3,3,3,3,3,3,3,3,NA,NA
SEP_7_0019,15738,spring-2020,2020-03-17,2020,2019-2020,spring,56,2020-01-21,7,4,3,94,81,A,C,B,C,D,C,A,D,B,A,A,B,A,A,C,D,3,2,3,3,2,3,3,3,3,2,3,3,4,4,3,2,2,4,3,3,3,3,2,3,3,4,3,3,3,3,3,3,NA,NA
SEP_7_0020,15947,spring-2020,2020-04-17,2020,2019-2020,spring,87,2020-01-21,7,4,5,107,83,A,B,B,A,A,C,A,D,B,C,D,C,A,D,A,C,4,2,5,4,4,2,3,4,3,2,2,4,4,5,5,4,4,4,4,3,4,5,3,2,1,3,2,2,4,4,3,2,NA,NA
SEP_7_0021,16969,spring-2020,2020-04-04,2020,2019-2020,spring,74,2020-01-21,7,0,3,98,105,C,A,A,A,A,A,D,B,B,B,A,D,A,C,C,B,5,4,4,4,4,2,4,2,2,4,2,2,5,4,4,4,4,4,4,2,2,3,4,2,2,3,2,2,2,3,1,2,NA,NA
SEP_7_0022,17460,spring-2020,2020-03-19,2020,2019-2020,spring,58,2020-01-21,7,6,3,94,66,A,D,B,C,D,B,A,A,D,C,A,D,D,B,A,B,2,2,2,3,2,3,2,3,2,3,3,3,5,4,4,4,3,5,5,3,3,4,2,2,1,4,3,3,3,2,3,1,NA,NA
SEP_7_0023,21111,spring-2020,2020-04-03,2020,2019-2020,spring,73,2020-01-21,7,8,7,112,98,A,B,B,B,D,B,A,A,B,A,C,D,A,D,A,D,2,1,1,1,2,5,5,5,5,2,4,4,5,4,4,4,4,4,4,5,3,4,2,4,2,4,4,4,5,2,4,3,NA,NA
SEP_7_0024,21607,spring-2020,2020-04-16,2020,2019-2020,spring,86,2020-01-21,7,6,3,104,86,A,B,B,A,D,B,A,D,D,C,D,C,A,D,C,B,2,1,2,1,2,2,4,4,4,3,4,4,5,3,5,5,4,3,4,4,2,4,5,4,3,3,3,2,3,3,3,3,NA,NA
SEP_7_0025,22592,spring-2020,2020-03-25,2020,2019-2020,spring,64,2020-01-21,7,4,5,91,109,C,C,B,C,D,C,A,A,B,C,D,D,A,D,C,B,5,4,5,5,5,2,1,2,1,1,1,2,4,5,4,4,4,5,4,1,4,2,1,1,1,4,4,2,1,2,2,2,NA,NA
SEP_7_0026,23292,spring-2020,2020-03-21,2020,2019-2020,spring,60,2020-01-21,7,5,5,117,126,A,B,B,B,A,B,C,B,D,C,D,B,A,D,A,D,1,1,1,1,1,5,5,5,5,1,5,4,5,5,4,4,4,4,4,4,1,4,5,5,5,5,5,5,5,1,5,2,NA,NA
SEP_7_0027,24518,spring-2020,2020-04-03,2020,2019-2020,spring,73,2020-01-21,7,5,2,101,112,D,B,B,C,D,B,A,D,C,D,B,D,C,D,D,C,2,2,3,4,2,4,3,5,2,3,4,4,4,4,5,2,4,5,4,4,2,4,4,3,2,2,1,4,4,2,2,1,NA,NA
SEP_7_0028,25270,spring-2020,2020-04-06,2020,2019-2020,spring,76,2020-01-21,7,2,1,95,96,A,D,A,C,C,B,D,C,B,B,A,C,C,C,B,B,4,3,4,3,4,2,4,3,2,3,4,2,4,3,4,4,4,2,3,2,4,2,2,3,2,2,1,2,4,4,3,2,NA,NA
SEP_7_0029,25972,spring-2020,2020-03-17,2020,2019-2020,spring,56,2020-01-21,7,4,6,102,62,C,B,B,C,D,A,A,D,B,C,D,D,A,D,A,C,2,2,2,2,2,3,2,4,4,2,4,4,5,4,4,4,4,5,4,4,2,4,5,4,2,4,2,2,3,2,3,2,NA,NA
SEP_7_0030,26277,spring-2020,2020-03-23,2020,2019-2020,spring,62,2020-01-21,7,1,3,110,70,C,C,A,B,C,C,C,C,B,A,C,A,C,D,B,A,4,2,2,2,2,3,4,3,4,2,4,4,5,5,5,5,5,5,5,4,2,3,3,3,3,3,3,4,4,2,3,2,NA,NA
SEP_7_0031,26360,spring-2020,2020-03-21,2020,2019-2020,spring,60,2020-01-21,7,1,1,87,88,A,C,C,C,B,D,B,B,B,D,A,B,C,B,B,A,5,4,4,5,5,2,1,3,3,3,3,2,2,3,3,2,2,2,2,1,5,2,3,3,2,2,2,3,2,4,1,1,NA,NA
SEP_7_0032,26451,spring-2020,2020-04-17,2020,2019-2020,spring,87,2020-01-21,7,3,6,119,88,D,C,B,C,D,C,A,D,B,C,C,B,A,B,A,D,1,2,1,1,1,1,5,5,4,2,5,5,5,5,5,5,5,5,5,5,4,5,3,5,3,2,4,5,5,3,5,2,NA,NA
SEP_7_0033,26506,spring-2020,2020-04-07,2020,2019-2020,spring,77,2020-01-21,7,8,7,105,99,A,B,B,B,D,B,A,A,B,C,C,D,A,D,A,B,2,1,1,1,2,4,4,5,4,2,5,5,5,5,5,5,4,5,4,4,3,3,4,3,2,3,3,3,2,3,2,1,NA,NA
SEP_7_0034,26571,spring-2020,2020-03-24,2020,2019-2020,spring,63,2020-01-21,7,5,3,93,103,A,B,A,B,D,C,A,C,B,A,B,D,A,C,B,C,4,2,3,2,3,2,2,3,3,2,2,2,4,4,4,5,5,4,5,2,4,3,1,2,1,2,4,4,2,3,2,2,NA,NA
SEP_7_0035,26943,spring-2020,2020-03-21,2020,2019-2020,spring,60,2020-01-21,7,8,2,110,81,A,B,B,B,D,B,A,A,C,D,A,D,A,C,D,A,2,1,2,1,2,5,5,5,5,2,3,3,5,5,4,4,4,5,5,4,2,4,5,4,4,2,2,2,4,1,4,4,NA,NA
SEP_7_0036,27711,spring-2020,2020-03-22,2020,2019-2020,spring,61,2020-01-21,7,3,4,100,117,C,A,C,C,D,B,A,D,B,A,B,D,A,D,B,B,3,2,3,3,2,2,4,3,4,3,3,3,4,3,3,4,4,4,3,3,3,4,5,3,3,3,3,4,4,3,1,1,NA,NA
SEP_7_0037,29476,spring-2020,2020-03-25,2020,2019-2020,spring,64,2020-01-21,7,3,2,98,116,D,C,B,C,D,B,B,C,C,C,B,B,A,C,D,C,4,2,4,4,5,2,3,3,4,3,3,4,4,3,3,3,3,5,3,2,4,2,4,2,1,2,2,4,3,5,1,1,NA,NA
SEP_7_0038,29940,spring-2020,2020-04-26,2020,2019-2020,spring,96,2020-01-21,7,4,5,96,84,A,B,B,C,B,A,A,D,B,C,C,B,C,C,A,D,4,4,4,4,4,3,2,2,3,4,2,3,4,4,3,4,4,5,4,2,3,2,1,3,1,2,2,3,4,3,1,2,NA,NA
SEP_7_0039,30815,spring-2020,2020-04-25,2020,2019-2020,spring,95,2020-01-21,7,2,1,73,83,D,C,A,C,A,A,A,A,A,B,D,A,C,C,A,B,5,3,4,4,5,1,1,2,4,3,2,2,2,2,2,2,2,2,4,1,4,1,1,1,1,1,1,1,2,5,1,1,NA,NA
SEP_7_0040,31208,spring-2020,2020-04-05,2020,2019-2020,spring,75,2020-01-21,7,5,4,89,112,D,B,B,B,D,A,A,D,B,A,D,D,C,D,A,C,2,2,2,2,2,3,3,3,4,2,3,3,3,4,4,3,3,4,3,3,3,3,4,2,2,2,3,2,4,3,2,1,NA,NA
SEP_7_0041,31284,spring-2020,2020-04-06,2020,2019-2020,spring,76,2020-01-21,7,1,4,79,76,C,C,D,C,B,A,A,B,D,C,C,B,B,D,C,D,5,5,5,5,5,1,1,1,1,5,1,1,3,3,3,3,3,3,3,1,5,3,1,1,1,3,2,1,1,1,1,1,NA,NA
SEP_7_0042,32350,spring-2020,2020-03-21,2020,2019-2020,spring,60,2020-01-21,7,4,3,114,62,A,B,B,B,C,A,D,D,B,C,B,D,C,A,B,C,2,2,2,1,2,2,4,4,4,4,4,4,5,4,4,5,4,4,3,4,4,5,5,4,4,5,4,4,2,2,3,4,NA,NA
SEP_7_0043,33836,spring-2020,2020-04-18,2020,2019-2020,spring,88,2020-01-21,7,6,3,97,91,A,C,B,B,A,B,A,A,B,C,A,C,A,C,B,B,3,3,3,3,3,2,3,2,3,2,2,3,4,4,4,4,4,4,4,4,2,4,4,3,3,3,2,2,2,3,3,2,NA,NA
SEP_7_0044,35465,spring-2020,2020-03-23,2020,2019-2020,spring,62,2020-01-21,7,2,2,123,64,B,A,A,A,A,A,A,A,A,A,A,A,A,A,A,A,1,1,1,1,1,5,5,4,4,1,4,4,5,5,5,5,5,5,4,5,1,5,5,5,5,5,5,5,5,1,5,5,NA,NA
SEP_7_0045,35492,spring-2020,2020-04-04,2020,2019-2020,spring,74,2020-01-21,7,2,3,82,76,A,C,A,C,A,B,B,B,B,D,D,D,A,C,B,C,4,2,2,2,4,2,2,4,2,4,2,2,2,4,3,4,2,4,4,2,4,2,1,2,1,2,3,2,2,2,2,2,NA,NA
SEP_7_0046,36303,spring-2020,2020-04-23,2020,2019-2020,spring,93,2020-01-21,7,7,3,109,77,D,B,B,B,D,B,A,A,B,A,D,D,D,D,C,C,2,1,2,2,1,4,3,4,3,2,3,4,5,5,5,5,5,5,4,4,4,4,3,3,3,4,3,3,4,1,4,4,NA,NA
SEP_7_0047,36694,spring-2020,2020-03-20,2020,2019-2020,spring,59,2020-01-21,7,4,4,88,97,A,C,B,D,D,D,A,D,D,B,C,D,D,D,A,B,1,1,1,1,1,2,3,3,4,1,4,4,3,3,5,3,4,4,4,4,2,3,3,3,1,2,3,4,4,2,3,2,NA,NA
SEP_7_0048,37774,spring-2020,2020-03-22,2020,2019-2020,spring,61,2020-01-21,7,3,3,105,79,D,B,B,B,A,C,B,D,B,C,A,C,C,B,C,D,3,2,1,1,1,4,4,3,4,2,3,3,5,5,5,3,3,2,4,4,2,4,4,4,4,4,3,4,4,2,4,4,NA,NA
SEP_7_0049,38537,spring-2020,2020-03-23,2020,2019-2020,spring,62,2020-01-21,7,2,7,91,111,A,C,B,A,A,C,D,C,B,C,C,D,A,C,A,D,2,2,3,2,1,2,3,3,2,3,3,3,5,3,4,4,4,4,1,3,3,4,3,3,2,3,3,3,3,2,3,2,NA,NA
SEP_7_0050,42040,spring-2020,2020-04-03,2020,2019-2020,spring,73,2020-01-21,7,4,5,102,65,D,C,B,C,D,C,A,A,B,B,C,A,A,D,A,C,3,2,4,3,2,3,4,4,3,1,4,4,5,4,3,4,3,4,4,3,3,4,2,2,1,5,3,4,4,2,2,3,NA,NA
SEP_7_0051,42455,spring-2020,2020-03-22,2020,2019-2020,spring,61,2020-01-21,7,3,3,96,62,C,B,B,C,B,D,A,C,B,C,B,B,A,C,D,C,5,4,4,4,4,2,1,2,2,4,2,2,4,4,4,4,4,4,4,2,4,2,2,2,2,2,4,2,2,4,2,2,NA,NA
SEP_7_0052,42578,spring-2020,2020-03-24,2020,2019-2020,spring,63,2020-01-21,7,4,1,104,87,A,C,A,B,B,C,A,A,B,D,A,B,C,A,C,C,1,1,1,1,1,5,4,4,4,2,5,4,4,3,4,5,4,5,4,4,2,2,4,4,4,2,4,4,4,2,4,2,NA,NA
SEP_7_0053,43086,spring-2020,2020-04-05,2020,2019-2020,spring,75,2020-01-21,7,4,7,116,99,A,C,B,A,D,C,A,D,B,C,C,D,A,D,A,B,1,1,1,1,1,5,5,4,4,2,4,4,4,4,4,4,4,4,4,4,2,4,5,5,5,5,5,5,5,2,4,4,NA,NA
SEP_7_0054,45178,spring-2020,2020-04-23,2020,2019-2020,spring,93,2020-01-21,7,1,3,84,92,C,C,A,A,A,C,A,D,C,A,C,C,A,D,C,C,5,4,5,4,5,1,5,2,1,4,2,2,2,2,5,2,4,5,1,2,4,1,1,1,1,2,1,1,2,5,1,1,NA,NA
SEP_7_0055,45180,spring-2020,2020-03-22,2020,2019-2020,spring,61,2020-01-21,7,5,4,101,91,A,B,B,B,A,A,A,D,B,C,A,D,A,B,C,C,2,1,2,1,2,4,4,4,3,2,4,4,3,3,3,4,4,4,5,5,2,4,5,4,3,3,3,4,4,2,2,1,NA,NA
SEP_7_0056,45341,spring-2020,2020-04-25,2020,2019-2020,spring,95,2020-01-21,7,5,4,105,118,A,B,B,B,A,D,A,B,B,C,D,D,A,C,C,B,1,1,1,1,1,5,5,5,5,1,5,5,5,4,4,3,5,5,2,4,4,3,5,3,2,1,4,4,5,1,3,2,NA,NA
SEP_7_0057,46829,spring-2020,2020-03-23,2020,2019-2020,spring,62,2020-01-21,7,5,5,97,90,A,C,B,B,D,C,A,D,B,C,C,A,A,D,D,C,2,2,2,2,4,3,4,3,5,2,3,4,4,4,4,4,4,4,5,3,3,2,4,1,1,2,2,4,2,3,4,1,NA,NA
SEP_7_0058,46871,spring-2020,2020-03-19,2020,2019-2020,spring,58,2020-01-21,7,3,6,103,109,A,D,A,A,D,C,A,D,B,C,C,D,A,D,C,C,2,2,2,2,2,4,4,4,4,2,4,4,4,3,4,4,4,4,4,4,4,2,4,4,2,2,4,4,4,2,2,2,NA,NA
SEP_7_0059,48053,spring-2020,2020-03-23,2020,2019-2020,spring,62,2020-01-21,7,7,6,106,123,D,B,B,B,D,B,A,A,D,C,C,D,A,B,A,D,1,1,1,1,1,5,4,4,4,1,4,4,4,4,4,5,5,4,4,5,2,4,5,4,4,4,4,4,4,1,2,2,NA,NA
SEP_7_0060,48382,spring-2020,2020-03-22,2020,2019-2020,spring,61,2020-01-21,7,1,2,124,95,D,D,A,B,A,C,D,B,C,C,B,B,A,B,B,A,1,1,1,1,1,5,5,4,5,1,4,4,5,5,5,5,5,5,5,5,1,5,5,5,5,5,5,5,4,1,5,5,NA,NA
SEP_7_0061,50011,spring-2020,2020-03-22,2020,2019-2020,spring,61,2020-01-21,7,4,4,102,69,C,D,A,B,D,B,A,D,B,C,C,D,D,C,C,B,2,2,2,2,2,2,4,3,4,2,4,4,4,3,4,4,4,4,4,4,2,3,3,3,3,3,4,4,4,4,3,2,NA,NA
SEP_7_0062,50792,spring-2020,2020-04-20,2020,2019-2020,spring,90,2020-01-21,7,2,5,86,82,D,C,A,C,D,C,A,D,C,C,D,D,A,D,A,C,4,4,3,3,5,2,2,3,1,3,1,4,4,1,4,4,3,3,4,2,4,2,1,1,1,2,2,4,3,4,1,1,NA,NA
SEP_7_0063,51554,spring-2020,2020-04-06,2020,2019-2020,spring,76,2020-01-21,7,7,6,97,117,A,B,B,B,D,C,A,A,B,C,C,D,A,D,C,B,4,4,3,2,3,2,2,3,4,3,3,3,5,4,4,5,5,4,4,3,3,4,3,2,1,4,2,2,2,2,1,1,NA,NA
SEP_7_0064,51864,spring-2020,2020-04-19,2020,2019-2020,spring,89,2020-01-21,7,7,6,92,114,D,B,B,B,D,B,A,A,B,C,A,D,A,D,C,D,3,3,4,4,4,2,2,3,3,3,2,3,3,2,3,3,3,3,3,3,4,4,4,2,2,2,2,2,2,4,3,2,NA,NA
SEP_7_0065,52976,spring-2020,2020-03-18,2020,2019-2020,spring,57,2020-01-21,7,5,2,109,93,C,B,B,B,B,B,A,D,C,C,D,A,C,D,D,C,2,2,1,2,1,4,4,4,4,2,4,4,5,5,5,5,4,5,1,4,2,4,5,4,2,4,4,4,4,2,3,3,NA,NA
SEP_7_0066,53109,spring-2020,2020-03-17,2020,2019-2020,spring,56,2020-01-21,7,1,3,97,84,C,C,A,C,D,C,D,D,C,C,D,C,A,C,B,D,3,4,3,2,2,3,3,3,4,2,4,3,2,4,4,3,2,3,1,5,3,3,5,3,3,2,3,3,3,4,3,2,NA,NA
SEP_7_0067,53178,spring-2020,2020-04-04,2020,2019-2020,spring,74,2020-01-21,7,2,3,110,79,D,A,D,C,D,C,A,C,B,C,A,A,B,A,A,C,4,2,4,4,4,2,2,2,4,4,2,4,4,5,5,3,4,4,4,2,4,3,3,2,4,3,4,2,4,4,4,4,NA,NA
SEP_7_0068,54925,spring-2020,2020-03-19,2020,2019-2020,spring,58,2020-01-21,7,2,2,97,88,A,A,C,B,C,C,D,B,C,C,A,B,B,B,A,C,2,4,2,3,2,4,4,2,4,4,2,4,4,2,4,3,3,3,3,4,3,3,3,3,3,3,2,3,3,3,2,3,NA,NA
SEP_7_0069,55219,spring-2020,2020-03-24,2020,2019-2020,spring,63,2020-01-21,7,5,5,110,55,B,C,B,B,D,B,A,D,B,C,D,C,A,C,A,D,2,3,2,4,5,4,5,4,4,2,4,5,4,3,5,4,4,4,2,2,5,2,5,2,2,3,4,4,4,4,2,1,NA,NA
SEP_7_0070,55544,spring-2020,2020-03-22,2020,2019-2020,spring,61,2020-01-21,7,1,6,95,102,C,C,A,D,A,C,A,C,B,C,A,D,A,C,A,D,2,2,2,2,2,3,4,4,3,2,3,3,4,4,4,2,2,4,3,3,2,2,4,4,3,3,3,4,4,4,2,2,NA,NA
SEP_7_0071,56070,spring-2020,2020-04-21,2020,2019-2020,spring,91,2020-01-21,7,3,3,103,68,D,A,B,C,D,C,A,D,B,D,D,B,A,B,A,A,2,1,3,2,2,3,4,4,4,2,3,4,5,4,4,4,4,2,4,3,4,3,5,3,2,2,4,4,4,2,4,2,NA,NA
SEP_7_0072,56858,spring-2020,2020-03-31,2020,2019-2020,spring,70,2020-01-21,7,0,1,106,105,D,D,A,C,B,A,D,C,C,B,A,D,C,B,B,A,1,1,1,1,1,4,4,4,4,1,4,4,5,4,4,5,5,4,4,4,1,4,5,4,4,4,4,4,3,2,3,3,NA,NA
SEP_7_0073,57433,spring-2020,2020-03-17,2020,2019-2020,spring,56,2020-01-21,7,4,3,103,78,A,C,A,C,A,B,A,A,B,A,C,B,A,B,B,A,2,3,2,2,2,3,3,3,3,2,3,3,5,5,5,5,5,1,4,3,3,4,4,3,3,3,3,4,4,2,3,3,NA,NA
SEP_7_0074,58593,spring-2020,2020-04-04,2020,2019-2020,spring,74,2020-01-21,7,1,2,112,101,C,C,C,C,D,D,B,B,B,D,B,D,C,A,D,B,2,2,2,2,2,4,4,4,4,2,4,4,4,4,4,4,4,4,4,4,2,4,4,4,4,4,4,4,4,2,4,4,NA,NA
SEP_7_0075,60062,spring-2020,2020-03-21,2020,2019-2020,spring,60,2020-01-21,7,4,4,61,68,D,B,B,B,D,C,C,D,B,A,A,D,A,D,C,C,5,3,5,5,5,1,1,1,1,4,1,1,1,1,1,1,1,1,1,1,5,1,1,1,1,1,1,1,1,5,1,1,NA,NA
SEP_7_0076,60466,spring-2020,2020-03-19,2020,2019-2020,spring,58,2020-01-21,7,4,2,122,96,A,B,B,A,B,A,A,B,A,A,A,A,A,A,A,A,2,2,2,2,2,4,4,4,5,2,5,5,5,5,5,5,5,5,5,5,1,4,5,4,4,4,4,4,4,2,4,3,NA,NA
SEP_7_0077,60933,spring-2020,2020-04-18,2020,2019-2020,spring,88,2020-01-21,7,4,1,95,61,C,C,B,B,D,C,A,C,C,D,B,B,D,C,B,D,2,2,2,2,2,3,2,4,3,2,3,4,5,3,4,3,3,4,3,2,3,3,4,3,3,3,3,3,4,3,2,3,NA,NA
SEP_7_0078,61421,spring-2020,2020-03-19,2020,2019-2020,spring,58,2020-01-21,7,7,7,104,119,A,B,B,B,D,B,A,D,B,C,C,B,A,D,A,D,1,1,1,1,1,4,4,4,4,2,4,4,4,4,4,4,4,4,4,4,2,4,4,4,3,4,4,4,4,2,3,3,NA,NA
SEP_7_0079,62009,spring-2020,2020-03-21,2020,2019-2020,spring,60,2020-01-21,7,4,5,108,71,B,C,B,C,B,B,A,A,B,C,C,B,A,D,D,B,2,1,2,2,2,3,4,4,4,2,3,4,5,5,4,4,4,5,4,4,2,4,3,4,3,4,4,3,4,2,4,3,NA,NA
SEP_7_0080,62106,spring-2020,2020-03-22,2020,2019-2020,spring,61,2020-01-21,7,3,6,99,106,D,C,A,B,D,B,D,D,B,C,C,D,A,D,D,B,2,2,2,2,2,2,4,4,4,2,4,4,4,2,4,4,2,5,4,2,2,4,4,2,3,3,4,4,4,4,2,2,NA,NA
SEP_7_0081,65326,spring-2020,2020-03-20,2020,2019-2020,spring,59,2020-01-21,7,7,4,95,79,A,B,B,B,D,B,A,B,B,A,C,D,D,D,D,C,2,2,2,2,2,3,3,3,4,2,3,4,4,4,4,4,4,4,2,3,3,4,4,3,2,2,3,3,4,2,2,2,NA,NA
SEP_7_0082,65999,spring-2020,2020-04-17,2020,2019-2020,spring,87,2020-01-21,7,4,3,107,105,A,B,B,C,A,C,A,D,B,C,B,A,D,C,D,D,2,2,2,2,3,3,4,3,4,2,4,4,5,5,4,4,4,4,3,4,2,4,5,4,3,3,4,4,3,2,2,3,NA,NA
SEP_7_0083,66404,spring-2020,2020-03-17,2020,2019-2020,spring,56,2020-01-21,7,1,1,130,99,A,C,C,C,B,A,D,B,D,B,B,B,D,C,A,C,1,1,1,1,1,4,5,5,5,1,5,5,5,5,5,5,5,5,5,5,1,5,5,5,5,5,5,5,5,5,4,5,NA,NA
SEP_7_0084,66741,spring-2020,2020-03-22,2020,2019-2020,spring,61,2020-01-21,7,3,4,102,99,C,C,A,B,D,C,A,D,B,C,C,B,A,C,B,A,1,3,3,2,1,3,3,2,4,3,3,3,3,4,4,5,5,4,4,4,2,3,3,3,3,4,4,4,4,3,3,2,NA,NA
SEP_7_0085,67247,spring-2020,2020-03-20,2020,2019-2020,spring,59,2020-01-21,7,6,5,92,100,A,A,B,A,D,B,A,A,B,C,C,B,C,D,A,A,2,2,2,2,2,3,3,4,4,2,3,4,3,3,3,3,3,3,4,3,2,4,4,3,3,3,2,2,4,3,2,2,NA,NA
SEP_7_0086,67895,spring-2020,2020-03-22,2020,2019-2020,spring,61,2020-01-21,7,6,7,115,105,A,B,B,B,D,C,D,A,C,C,C,D,A,D,A,D,3,2,3,3,2,3,3,3,4,3,3,3,5,5,4,4,4,4,5,4,3,4,4,3,3,4,4,3,5,2,5,5,NA,NA
SEP_7_0087,70637,spring-2020,2020-03-22,2020,2019-2020,spring,61,2020-01-21,7,2,2,96,110,C,B,D,B,C,D,B,D,A,B,C,A,C,A,B,D,3,3,3,3,3,3,3,3,3,3,3,3,3,3,3,3,3,3,3,3,3,3,3,3,3,3,3,3,3,3,3,3,NA,NA
SEP_7_0088,71237,spring-2020,2020-03-22,2020,2019-2020,spring,61,2020-01-21,7,3,7,117,100,A,C,B,A,D,A,C,D,B,C,D,D,A,D,A,D,2,2,2,1,1,4,5,4,4,2,5,4,4,4,4,5,5,4,4,4,2,4,5,5,4,4,4,4,5,4,3,3,NA,NA
SEP_7_0089,71464,spring-2020,2020-03-21,2020,2019-2020,spring,60,2020-01-21,7,2,3,102,95,C,C,A,C,B,A,A,A,B,D,D,D,C,A,A,C,4,4,4,4,4,2,2,2,3,4,2,2,5,5,3,5,5,4,4,1,4,2,4,3,2,2,4,3,2,3,2,2,NA,NA
SEP_7_0090,71647,spring-2020,2020-04-12,2020,2019-2020,spring,82,2020-01-21,7,5,2,86,99,A,C,A,B,D,C,A,A,B,D,C,C,C,C,C,B,3,4,4,4,4,2,1,3,2,3,3,3,2,3,3,2,1,3,1,2,4,2,4,2,2,2,2,4,4,5,1,1,NA,NA
SEP_7_0091,72785,spring-2020,2020-04-05,2020,2019-2020,spring,75,2020-01-21,7,2,6,90,100,D,A,B,A,D,D,C,C,B,C,B,D,A,D,A,B,4,2,2,4,5,2,2,3,4,3,2,3,4,4,2,4,2,4,3,2,4,3,2,2,1,2,3,1,3,4,2,2,NA,NA
SEP_7_0092,73188,spring-2020,2020-03-22,2020,2019-2020,spring,61,2020-01-21,7,7,7,122,113,A,B,B,B,D,B,A,D,B,C,C,D,A,D,A,C,1,1,1,1,1,5,5,5,5,1,5,5,5,5,5,4,3,5,4,5,1,5,5,5,5,5,5,5,3,1,5,5,NA,NA
SEP_7_0093,74265,spring-2020,2020-03-19,2020,2019-2020,spring,58,2020-01-21,7,6,4,96,98,A,B,B,B,D,C,A,D,D,C,D,D,A,D,C,A,3,1,2,2,3,3,3,4,4,1,4,4,4,4,4,4,3,4,3,2,3,3,4,2,2,3,2,3,4,2,4,2,NA,NA
SEP_7_0094,74803,spring-2020,2020-04-25,2020,2019-2020,spring,95,2020-01-21,7,4,5,92,95,C,B,B,C,D,C,A,D,B,C,A,D,D,D,A,B,4,2,3,3,4,2,2,3,4,4,2,2,4,3,4,4,2,5,4,2,4,2,2,2,1,1,2,2,4,4,4,1,NA,NA
SEP_7_0095,75372,spring-2020,2020-03-22,2020,2019-2020,spring,61,2020-01-21,7,5,4,103,113,A,C,B,A,D,B,A,D,C,C,C,C,D,D,A,C,2,2,2,2,2,3,4,3,3,2,3,3,5,4,5,5,5,5,5,4,2,4,4,3,2,3,3,3,4,2,2,2,NA,NA
SEP_7_0096,76679,spring-2020,2020-03-23,2020,2019-2020,spring,62,2020-01-21,7,4,6,115,120,C,B,B,C,A,B,A,B,B,C,C,D,A,D,C,B,2,2,2,1,1,4,4,4,4,2,4,4,5,5,5,4,5,4,4,5,2,4,5,4,3,4,4,4,4,2,4,4,NA,NA
SEP_7_0097,76790,spring-2020,2020-03-24,2020,2019-2020,spring,63,2020-01-21,7,5,3,120,111,A,B,B,D,A,B,A,D,B,D,C,C,D,D,C,C,1,1,2,2,1,4,5,5,5,3,4,5,5,5,5,5,3,5,3,5,2,5,5,5,5,5,3,2,5,3,3,3,NA,NA
SEP_7_0098,77702,spring-2020,2020-04-23,2020,2019-2020,spring,93,2020-01-21,7,7,6,101,119,A,B,B,B,D,C,A,A,B,C,C,D,D,D,C,D,3,2,2,2,4,4,3,4,4,2,4,4,3,4,4,3,3,2,4,4,3,3,4,3,2,3,4,4,4,2,2,2,NA,NA
SEP_7_0099,78332,spring-2020,2020-03-21,2020,2019-2020,spring,60,2020-01-21,7,6,3,95,96,D,D,B,B,D,B,A,A,B,C,A,B,A,C,C,B,3,4,4,4,4,1,2,4,2,4,2,4,3,3,3,2,2,4,2,2,5,1,4,2,3,1,3,4,4,3,4,2,NA,NA
SEP_7_0100,79335,spring-2020,2020-03-30,2020,2019-2020,spring,69,2020-01-21,7,6,7,108,71,D,B,B,B,D,B,A,D,B,C,C,D,A,D,A,A,3,2,2,2,3,2,3,3,4,2,4,4,5,4,4,4,4,4,4,4,3,4,4,3,3,4,4,4,4,3,3,2,NA,NA
SEP_7_0101,79909,spring-2020,2020-04-13,2020,2019-2020,spring,83,2020-01-21,7,1,2,77,73,C,C,A,C,A,B,D,C,B,B,A,C,B,B,A,C,5,4,4,3,5,1,1,2,1,4,1,1,4,4,4,4,4,4,2,2,5,2,1,1,1,1,1,1,1,1,1,1,NA,NA
SEP_7_0102,80943,spring-2020,2020-03-18,2020,2019-2020,spring,57,2020-01-21,7,8,5,112,82,A,B,B,B,D,B,A,A,B,B,C,D,D,D,A,B,2,2,2,1,2,3,3,4,4,1,3,3,5,5,5,5,5,4,5,5,1,4,5,3,3,5,4,4,4,1,4,5,NA,NA
SEP_7_0103,81742,spring-2020,2020-04-25,2020,2019-2020,spring,95,2020-01-21,7,4,2,83,99,D,B,C,A,D,B,A,D,D,C,A,D,D,A,D,B,5,2,4,4,4,2,2,3,3,3,4,3,2,2,3,3,2,3,3,3,4,2,2,1,1,1,3,2,1,3,2,1,NA,NA
SEP_7_0104,81865,spring-2020,2020-04-22,2020,2019-2020,spring,92,2020-01-21,7,2,3,103,92,A,C,A,A,A,B,D,B,B,C,A,B,D,D,C,C,3,2,2,2,2,4,3,3,2,4,4,3,3,3,4,4,2,4,4,4,4,2,5,4,3,4,4,4,2,4,2,3,NA,NA
SEP_7_0105,82796,spring-2020,2020-03-21,2020,2019-2020,spring,60,2020-01-21,7,6,3,119,107,A,B,D,B,D,B,A,D,B,B,B,C,A,B,A,C,1,1,1,1,1,5,5,5,5,2,5,5,4,4,5,4,4,4,3,4,2,4,5,4,5,4,4,5,5,2,5,5,NA,NA
SEP_7_0106,83588,spring-2020,2020-03-18,2020,2019-2020,spring,57,2020-01-21,7,0,3,98,115,C,C,A,A,A,D,C,D,B,A,D,D,C,D,D,C,2,3,3,3,2,3,3,3,4,2,4,3,4,4,4,3,3,4,3,4,4,3,2,3,2,2,3,3,4,2,3,3,NA,NA
SEP_7_0107,83700,spring-2020,2020-04-18,2020,2019-2020,spring,88,2020-01-21,7,2,2,99,70,A,A,A,A,A,B,B,D,B,D,A,C,A,C,B,C,1,1,1,1,1,4,4,4,4,1,4,4,4,4,4,4,4,4,3,4,1,4,4,4,3,3,3,3,4,2,4,3,NA,NA
SEP_7_0108,83734,spring-2020,2020-03-18,2020,2019-2020,spring,57,2020-01-21,7,2,3,85,75,D,C,A,A,B,A,A,A,B,A,D,A,A,B,A,A,5,4,4,5,5,1,5,2,3,3,2,2,3,3,3,3,2,3,2,2,4,2,1,1,1,1,2,2,2,4,2,1,NA,NA
SEP_7_0109,84168,spring-2020,2020-03-22,2020,2019-2020,spring,61,2020-01-21,7,7,5,103,102,A,B,B,B,D,B,A,D,B,C,C,D,A,C,D,C,2,3,4,2,4,4,2,4,3,2,4,3,4,4,4,4,4,4,3,2,3,4,4,3,2,3,3,2,3,3,4,3,NA,NA
SEP_7_0110,85057,spring-2020,2020-04-17,2020,2019-2020,spring,87,2020-01-21,7,3,0,96,55,A,C,A,B,B,C,A,B,A,B,A,A,C,A,D,B,2,2,1,1,2,3,4,4,4,3,3,3,5,3,4,3,4,4,3,3,3,3,3,2,3,3,4,3,3,2,3,3,NA,NA
SEP_7_0111,85787,spring-2020,2020-03-19,2020,2019-2020,spring,58,2020-01-21,7,0,2,97,87,C,D,C,C,A,C,B,B,C,B,D,B,A,D,C,A,4,3,2,3,3,2,1,2,2,4,2,2,4,5,5,5,4,4,4,2,3,2,5,3,3,3,3,2,2,3,3,2,NA,NA
SEP_7_0112,86459,spring-2020,2020-03-26,2020,2019-2020,spring,65,2020-01-21,7,6,5,96,99,A,C,B,B,D,B,A,D,B,C,C,D,D,D,B,B,4,2,2,3,3,3,2,4,4,2,3,4,3,3,4,3,2,3,2,2,4,3,4,3,2,3,4,4,4,4,2,1,NA,NA
SEP_7_0113,86704,spring-2020,2020-04-04,2020,2019-2020,spring,74,2020-01-21,7,6,3,90,107,A,C,B,B,D,B,A,C,D,C,C,C,A,B,D,A,1,1,1,1,1,4,4,4,5,1,4,5,3,3,3,2,3,2,2,4,3,3,3,4,2,3,4,5,4,3,1,1,NA,NA
SEP_7_0114,88506,spring-2020,2020-03-25,2020,2019-2020,spring,64,2020-01-21,7,4,4,97,96,D,C,B,B,D,C,A,D,C,C,C,B,A,B,A,B,4,4,4,4,3,2,2,3,3,3,3,3,5,4,4,5,4,2,4,2,3,3,2,3,1,3,2,1,2,4,3,2,NA,NA
SEP_7_0115,89876,spring-2020,2020-03-18,2020,2019-2020,spring,57,2020-01-21,7,3,2,108,80,D,C,B,B,A,B,C,D,B,D,A,B,C,A,A,A,1,1,1,1,1,4,5,4,5,2,4,4,5,5,4,3,4,3,3,4,2,4,5,4,4,4,4,4,4,2,4,3,NA,NA
SEP_7_0116,91595,spring-2020,2020-03-25,2020,2019-2020,spring,64,2020-01-21,7,8,4,101,100,A,B,B,B,D,B,A,A,B,D,A,B,A,D,A,C,2,2,2,2,2,3,3,3,3,2,4,4,4,4,4,4,3,4,4,4,2,3,4,3,3,4,3,3,4,2,4,3,NA,NA
SEP_7_0117,91714,spring-2020,2020-04-18,2020,2019-2020,spring,88,2020-01-21,7,7,5,103,62,A,B,B,B,D,B,A,D,B,C,A,B,A,D,A,A,4,1,2,2,3,2,3,2,4,4,2,4,5,5,4,5,4,4,4,2,2,4,4,3,2,4,1,4,4,2,4,3,NA,NA
SEP_7_0118,91780,spring-2020,2020-03-21,2020,2019-2020,spring,60,2020-01-21,7,6,5,98,91,A,B,B,A,D,B,A,D,C,C,D,D,A,C,A,D,5,3,4,4,5,2,3,4,4,2,3,3,3,3,4,4,3,4,3,2,5,2,2,1,1,1,4,3,3,5,2,1,NA,NA
SEP_7_0119,93512,spring-2020,2020-03-21,2020,2019-2020,spring,60,2020-01-21,7,2,1,97,82,C,C,B,C,B,A,A,D,D,D,A,A,A,C,B,C,1,1,2,1,1,5,4,3,4,2,4,3,5,3,3,3,3,3,3,4,1,4,4,5,4,4,2,2,4,1,5,3,NA,NA
SEP_7_0120,93575,spring-2020,2020-04-06,2020,2019-2020,spring,76,2020-01-21,7,3,1,78,59,A,B,A,C,C,A,A,C,B,B,D,B,C,B,D,A,4,3,2,2,3,2,2,4,3,2,4,4,2,2,2,1,2,4,2,1,5,2,4,1,1,2,2,2,1,5,1,1,NA,NA
SEP_7_0121,94080,spring-2020,2020-04-25,2020,2019-2020,spring,95,2020-01-21,7,6,6,97,71,A,C,B,B,D,B,A,D,B,C,C,B,A,D,A,A,5,4,4,4,4,2,2,3,2,3,3,3,3,4,4,4,3,4,4,3,4,3,3,2,1,3,2,2,2,3,2,2,NA,NA
SEP_7_0122,94694,spring-2020,2020-03-19,2020,2019-2020,spring,58,2020-01-21,7,6,4,97,91,A,B,B,A,D,B,A,D,B,C,D,D,A,B,C,C,4,2,2,2,4,2,4,4,4,2,4,4,5,4,4,4,2,4,4,2,4,2,5,1,2,2,2,4,2,4,1,1,NA,NA
SEP_7_0123,95131,spring-2020,2020-03-23,2020,2019-2020,spring,62,2020-01-21,7,0,2,79,87,D,C,A,C,A,D,D,B,B,A,C,B,C,B,C,C,5,3,4,4,5,1,2,2,2,4,1,1,3,1,4,4,3,5,2,1,5,1,1,1,1,1,3,1,1,5,1,1,NA,NA
SEP_7_0124,95266,spring-2020,2020-03-24,2020,2019-2020,spring,63,2020-01-21,7,2,2,112,95,B,B,A,C,D,C,C,D,B,A,D,B,C,A,A,B,1,1,1,1,2,5,5,5,5,2,4,5,5,3,4,5,3,4,4,4,1,4,5,4,4,4,4,4,3,3,4,3,NA,NA
SEP_7_0125,96388,spring-2020,2020-03-17,2020,2019-2020,spring,56,2020-01-21,7,2,4,95,84,A,C,B,C,A,A,B,B,B,C,C,D,B,A,B,A,4,4,5,5,5,1,1,2,4,4,3,3,2,2,2,2,2,4,4,4,2,4,2,4,4,4,2,2,2,2,3,1,NA,NA
SEP_7_0126,97798,spring-2020,2020-04-04,2020,2019-2020,spring,74,2020-01-21,7,5,1,96,93,A,C,B,C,D,C,A,A,C,B,D,B,B,D,B,B,3,4,4,4,4,2,2,2,2,4,2,2,4,4,4,3,3,4,2,2,4,2,5,3,2,4,3,3,3,2,2,2,NA,NA
SEP_7_0127,97901,spring-2020,2020-03-19,2020,2019-2020,spring,58,2020-01-21,7,1,5,99,129,C,B,A,C,B,C,D,D,B,C,C,D,C,D,C,A,3,2,3,3,3,4,4,3,4,2,3,4,4,4,3,3,3,4,4,2,4,3,5,3,2,2,2,3,4,2,2,2,NA,NA
SEP_7_0128,98047,spring-2020,2020-03-20,2020,2019-2020,spring,59,2020-01-21,7,3,2,60,86,C,C,A,C,D,B,A,B,A,B,C,B,C,C,B,D,5,5,5,5,5,1,1,1,1,1,1,1,1,1,1,1,1,3,3,1,5,1,1,1,1,1,1,1,1,1,1,1,NA,NA
SEP_7_0129,98183,spring-2020,2020-03-22,2020,2019-2020,spring,61,2020-01-21,7,6,8,90,115,A,B,B,C,D,C,A,A,B,C,C,D,A,D,A,D,3,2,3,2,2,3,3,2,4,3,2,3,3,3,3,3,4,3,3,3,2,4,3,3,2,3,3,3,3,3,2,2,NA,NA
SEP_7_0130,264776FA20,fall-2020,2020-09-03,2020,2020-2021,fall,1,2020-09-02,7,3,4,132,99,D,C,B,B,D,C,C,B,C,C,A,D,A,C,A,A,1,1,1,1,1,5,5,5,5,1,5,5,5,5,5,5,5,5,5,5,1,5,5,5,5,5,5,5,5,5,5,5,NA,NA
SEP_7_0131,265039FA20,fall-2020,2020-09-03,2020,2020-2021,fall,1,2020-09-02,7,6,7,112,160,D,B,B,C,D,B,A,A,B,C,C,D,A,D,C,D,1,1,1,1,1,5,5,4,5,1,4,5,4,4,4,5,4,5,4,5,1,4,5,4,4,4,5,5,4,2,3,2,NA,NA
SEP_7_0132,266180FA20,fall-2020,2020-09-03,2020,2020-2021,fall,1,2020-09-02,7,3,3,103,69,A,D,C,C,D,A,B,A,B,A,D,B,B,D,D,D,1,1,1,1,1,1,4,4,4,2,3,4,4,4,4,4,5,4,4,4,2,4,5,4,4,4,4,3,4,1,4,4,NA,NA
SEP_7_0133,266614FA20,fall-2020,2020-09-03,2020,2020-2021,fall,1,2020-09-02,7,4,3,101,84,A,C,B,A,D,D,A,D,B,B,C,C,D,B,A,B,2,4,4,2,2,3,4,3,3,5,4,4,4,4,4,2,2,5,2,3,2,4,4,3,2,3,3,3,4,4,2,1,NA,NA
SEP_7_0134,273106FA20,fall-2020,2020-09-03,2020,2020-2021,fall,1,2020-09-02,7,5,5,102,104,A,C,B,B,D,C,A,D,B,C,D,A,A,D,A,C,2,3,4,4,2,2,3,2,5,2,4,5,5,5,1,1,5,5,3,2,3,5,5,2,1,3,5,3,4,2,3,1,NA,NA
SEP_7_0135,273486FA20,fall-2020,2020-09-03,2020,2020-2021,fall,1,2020-09-02,7,1,2,102,82,A,A,A,D,B,C,C,C,A,A,A,C,D,C,A,D,2,2,2,2,2,4,3,3,4,2,4,3,5,4,4,4,4,5,4,4,3,3,4,3,3,3,2,3,3,2,3,3,NA,NA
SEP_7_0136,273804FA20,fall-2020,2020-09-03,2020,2020-2021,fall,1,2020-09-02,7,2,2,92,106,C,A,A,A,D,C,A,D,B,C,A,B,C,C,C,A,5,4,4,3,5,1,1,3,2,1,1,2,4,3,4,4,4,4,3,1,4,3,3,2,3,3,2,2,4,2,3,2,NA,NA
SEP_7_0137,279840FA20,fall-2020,2020-09-04,2020,2020-2021,fall,2,2020-09-02,7,2,2,101,70,D,A,B,D,A,A,A,C,B,B,B,B,C,D,D,B,2,2,2,1,1,4,4,4,4,2,4,4,4,3,4,2,2,4,3,4,2,4,5,4,3,4,3,4,3,3,3,3,NA,NA
SEP_7_0138,279971FA20,fall-2020,2020-09-04,2020,2020-2021,fall,2,2020-09-02,7,6,3,89,84,B,B,B,B,D,A,A,A,B,C,D,D,D,A,B,A,4,3,3,4,4,2,2,3,3,2,2,3,2,3,4,3,2,4,4,3,3,4,2,2,1,3,3,3,1,4,2,1,NA,NA
SEP_7_0139,282242FA20,fall-2020,2020-09-04,2020,2020-2021,fall,2,2020-09-02,7,3,2,90,89,A,C,B,C,C,A,A,C,C,D,D,D,A,C,C,C,2,2,4,4,3,3,3,2,3,4,3,3,2,2,3,3,2,1,2,3,3,4,4,3,3,3,3,4,2,4,2,1,NA,NA
SEP_7_0140,287196FA20,fall-2020,2020-09-04,2020,2020-2021,fall,2,2020-09-02,7,1,1,110,106,A,C,A,C,B,D,B,D,C,B,B,B,D,C,C,D,2,3,3,2,2,3,4,3,4,4,2,4,5,5,5,4,5,5,4,5,1,3,5,4,4,4,2,3,2,4,2,2,NA,NA
SEP_7_0141,292653FA20,fall-2020,2020-09-04,2020,2020-2021,fall,2,2020-09-02,7,3,1,110,75,A,C,B,C,D,A,C,C,D,D,C,C,B,C,C,C,1,1,4,2,1,2,4,4,3,1,4,5,5,5,5,5,5,2,4,5,2,4,5,5,2,5,3,4,5,1,3,3,NA,NA
SEP_7_0142,293687FA20,fall-2020,2020-09-05,2020,2020-2021,fall,3,2020-09-02,7,2,0,81,67,C,B,B,C,A,C,B,C,C,B,B,C,B,C,D,B,4,4,5,4,4,1,1,1,1,3,1,1,3,4,3,3,2,4,3,2,4,3,2,1,1,3,3,2,1,3,2,2,NA,NA
SEP_7_0143,300154FA20,fall-2020,2020-09-05,2020,2020-2021,fall,3,2020-09-02,7,5,1,115,80,A,B,A,A,D,B,A,D,C,D,A,B,C,B,B,D,2,2,3,2,2,4,4,4,3,3,4,4,4,4,4,5,5,4,4,4,3,4,4,4,4,4,4,4,4,2,4,3,NA,NA
SEP_7_0144,302810FA20,fall-2020,2020-09-05,2020,2020-2021,fall,3,2020-09-02,7,4,5,75,102,D,D,B,B,D,A,A,D,B,C,C,D,D,C,B,D,4,3,5,5,5,1,1,2,3,3,3,2,1,2,2,1,1,4,2,1,5,2,1,1,1,1,1,1,4,5,1,1,NA,NA
SEP_7_0145,308576FA20,fall-2020,2020-09-05,2020,2020-2021,fall,3,2020-09-02,7,8,8,103,101,A,B,B,B,D,B,A,A,B,C,C,D,A,D,A,D,2,2,4,1,1,4,3,3,4,1,4,4,4,3,4,4,4,4,2,5,1,5,5,4,2,4,5,5,4,1,3,1,NA,NA
SEP_7_0146,309877FA20,fall-2020,2020-09-05,2020,2020-2021,fall,3,2020-09-02,7,5,7,102,103,A,B,B,C,D,C,A,D,B,C,C,C,A,D,A,D,2,2,3,2,2,3,4,4,4,2,4,4,3,4,5,3,2,3,4,4,4,4,2,3,2,3,4,4,4,2,4,2,NA,NA
SEP_7_0147,314365FA20,fall-2020,2020-09-05,2020,2020-2021,fall,3,2020-09-02,7,4,5,82,104,C,B,C,B,B,B,A,B,B,C,C,D,C,D,D,B,1,1,1,1,1,3,3,3,5,1,4,3,3,2,3,2,3,4,2,5,2,2,5,3,2,3,3,3,5,1,1,1,NA,NA
SEP_7_0148,324847FA20,fall-2020,2020-09-05,2020,2020-2021,fall,3,2020-09-02,7,4,4,104,126,C,B,A,C,A,B,A,A,B,C,D,B,A,A,A,C,2,2,2,2,2,3,3,4,4,2,4,4,4,3,4,4,5,4,4,4,3,3,5,3,3,4,3,3,3,2,3,3,NA,NA
SEP_7_0149,325816FA20,fall-2020,2020-09-05,2020,2020-2021,fall,3,2020-09-02,7,2,1,101,118,D,C,B,D,A,B,C,B,C,B,C,A,B,C,C,A,2,2,4,2,4,2,3,3,4,3,4,4,4,4,4,4,4,4,4,3,4,2,5,2,2,2,2,2,4,2,3,3,NA,NA
SEP_7_0150,328222FA20,fall-2020,2020-09-06,2020,2020-2021,fall,4,2020-09-02,7,5,3,84,67,A,C,B,C,D,C,A,A,B,C,A,B,C,A,A,A,3,3,5,4,4,2,1,3,4,3,2,2,3,4,3,3,3,2,2,1,1,2,3,2,1,3,2,2,3,5,2,1,NA,NA
SEP_7_0151,330441FA20,fall-2020,2020-09-06,2020,2020-2021,fall,4,2020-09-02,7,8,6,97,146,A,B,B,B,D,B,A,A,C,C,C,D,A,D,C,D,4,1,4,2,2,2,3,3,4,2,3,3,4,4,3,3,3,4,3,3,3,3,5,3,2,3,3,4,4,3,2,2,NA,NA
SEP_7_0152,332333FA20,fall-2020,2020-09-06,2020,2020-2021,fall,4,2020-09-02,7,6,6,85,92,C,B,B,B,D,B,A,D,B,C,C,D,A,D,C,B,2,2,3,2,2,3,3,3,4,2,4,4,2,2,4,1,1,2,2,4,3,2,5,3,2,2,2,3,4,4,2,1,NA,NA
SEP_7_0153,335612FA20,fall-2020,2020-09-06,2020,2020-2021,fall,4,2020-09-02,7,6,5,107,52,D,B,B,A,D,B,A,A,B,C,C,B,A,D,C,B,2,2,2,2,2,4,4,4,4,2,4,4,4,4,4,3,4,4,4,4,3,4,4,4,3,3,3,4,4,2,3,3,NA,NA
SEP_7_0154,336310FA20,fall-2020,2020-09-06,2020,2020-2021,fall,4,2020-09-02,7,5,4,109,78,A,C,B,B,A,B,A,D,B,C,C,C,B,D,C,C,4,3,4,4,3,3,2,3,3,2,3,3,5,5,5,5,4,4,4,2,4,4,4,2,1,2,4,4,5,3,3,2,NA,NA
SEP_7_0155,342229FA20,fall-2020,2020-09-06,2020,2020-2021,fall,4,2020-09-02,7,6,8,111,96,A,B,A,B,D,C,A,A,B,C,C,D,A,D,A,D,1,1,1,1,1,5,4,4,5,2,4,4,3,4,4,4,4,3,4,5,2,4,5,5,3,4,5,5,5,2,4,3,NA,NA
SEP_7_0156,344437FA20,fall-2020,2020-09-06,2020,2020-2021,fall,4,2020-09-02,7,5,7,117,120,D,C,B,C,D,B,A,A,B,A,C,D,A,D,A,D,1,1,1,1,1,5,5,5,5,2,5,5,4,4,5,3,2,5,4,5,2,5,5,5,5,4,2,4,5,1,5,5,NA,NA
SEP_7_0157,345644FA20,fall-2020,2020-09-06,2020,2020-2021,fall,4,2020-09-02,7,2,5,99,88,D,C,A,A,D,B,D,D,B,C,C,B,A,C,C,D,2,2,2,2,2,4,4,3,4,2,4,4,5,4,5,3,3,4,3,3,3,3,4,3,2,3,3,2,3,2,4,2,NA,NA
SEP_7_0158,347468FA20,fall-2020,2020-09-06,2020,2020-2021,fall,4,2020-09-02,7,7,4,102,79,A,B,B,A,D,B,A,A,B,C,D,D,D,D,D,A,3,2,4,3,3,4,2,4,4,2,2,4,4,3,4,3,4,4,4,3,2,3,3,3,3,4,4,5,2,3,2,2,NA,NA
SEP_7_0159,347768FA20,fall-2020,2020-09-06,2020,2020-2021,fall,4,2020-09-02,7,7,7,82,58,A,B,A,B,D,B,A,A,B,C,D,D,A,D,A,D,4,2,3,3,4,3,2,3,2,2,3,3,2,2,3,2,2,3,3,2,5,2,2,2,2,2,3,3,2,4,1,1,NA,NA
SEP_7_0160,349848FA20,fall-2020,2020-09-07,2020,2020-2021,fall,5,2020-09-02,7,8,5,90,128,A,B,B,B,D,B,A,A,B,A,A,D,A,D,B,D,2,2,2,2,3,3,3,4,3,3,3,3,2,4,4,3,3,4,3,3,3,3,3,2,2,2,3,2,3,3,3,2,NA,NA
SEP_7_0161,350971FA20,fall-2020,2020-09-08,2020,2020-2021,fall,6,2020-09-02,7,7,4,107,94,A,B,B,B,D,B,A,B,D,C,B,D,A,D,B,C,4,4,4,3,3,2,2,4,2,2,3,3,5,5,5,4,4,5,4,3,3,4,1,3,2,4,4,2,4,2,4,3,NA,NA
SEP_7_0162,351679FA20,fall-2020,2020-09-08,2020,2020-2021,fall,6,2020-09-02,7,2,1,90,59,A,C,A,C,A,D,A,D,B,A,A,B,C,C,C,C,5,3,5,5,5,3,3,2,3,2,2,2,4,3,4,4,2,4,3,1,1,3,1,1,1,2,3,3,3,4,2,1,NA,NA
SEP_7_0163,352878FA20,fall-2020,2020-09-14,2020,2020-2021,fall,12,2020-09-02,7,4,0,98,79,A,A,B,C,D,D,A,B,C,D,A,A,C,C,B,B,5,4,4,2,5,2,2,2,2,5,2,2,5,5,4,4,5,5,4,1,5,2,2,1,1,2,3,2,2,4,2,2,NA,NA
SEP_7_0164,355767FA20,fall-2020,2020-09-14,2020,2020-2021,fall,12,2020-09-02,7,3,0,96,93,C,B,B,B,A,C,B,B,A,B,B,B,B,C,B,C,3,2,3,3,3,2,3,3,3,4,2,3,3,3,3,3,3,3,3,3,3,3,3,3,3,4,3,3,3,3,3,4,NA,NA
SEP_7_0165,356096FA20,fall-2020,2020-09-14,2020,2020-2021,fall,12,2020-09-02,7,5,2,84,87,A,B,A,C,D,B,A,D,D,D,B,D,C,D,C,B,5,2,4,4,4,2,1,3,3,3,1,2,4,4,4,4,2,4,3,1,4,2,3,1,1,2,1,1,3,4,1,1,NA,NA
SEP_7_0166,357190FA20,fall-2020,2020-09-15,2020,2020-2021,fall,13,2020-09-02,7,4,4,91,68,A,C,A,C,A,B,A,A,C,C,D,D,C,C,A,D,5,4,4,4,4,3,2,2,2,3,2,2,3,4,4,4,3,2,2,2,4,2,2,2,2,2,3,2,3,4,2,2,NA,NA
SEP_7_0167,362146FA20,fall-2020,2020-09-16,2020,2020-2021,fall,14,2020-09-02,7,4,7,117,87,A,D,A,C,A,B,A,A,C,C,C,D,A,D,A,D,1,1,1,1,1,4,4,4,5,3,3,4,5,5,5,3,5,5,5,5,1,4,5,5,4,4,5,5,5,1,4,4,NA,NA
SEP_7_0168,365856FA20,fall-2020,2020-09-19,2020,2020-2021,fall,17,2020-09-02,7,2,3,110,92,A,D,D,D,A,D,A,B,D,A,C,D,A,C,B,B,2,2,2,2,2,4,4,4,4,2,4,4,4,4,4,4,4,4,4,4,2,4,4,3,3,4,4,4,4,2,4,4,NA,NA
SEP_7_0169,366540FA20,fall-2020,2020-09-21,2020,2020-2021,fall,19,2020-09-02,7,5,5,106,65,A,C,B,B,D,C,C,A,B,C,C,D,B,D,B,C,2,2,2,2,2,4,3,3,3,2,4,4,5,4,5,3,3,5,4,5,1,4,4,4,3,4,3,4,4,2,3,3,NA,NA
SEP_7_0170,374231FA20,fall-2020,2020-09-21,2020,2020-2021,fall,19,2020-09-02,7,4,5,88,105,A,C,B,D,D,C,A,D,B,C,B,D,D,C,A,D,5,4,4,4,5,2,1,4,3,2,3,1,3,4,5,4,4,4,2,1,4,2,1,1,1,3,2,1,1,5,1,1,NA,NA
SEP_7_0171,376706FA20,fall-2020,2020-09-21,2020,2020-2021,fall,19,2020-09-02,7,4,5,105,97,D,D,B,A,D,B,A,D,B,C,C,B,D,D,A,A,2,1,4,2,1,3,3,4,4,2,4,4,5,5,5,5,5,4,5,3,2,3,4,3,1,3,2,5,3,2,4,2,NA,NA
SEP_7_0172,379214FA20,fall-2020,2020-09-22,2020,2020-2021,fall,20,2020-09-02,7,2,3,98,117,C,C,A,A,D,C,A,C,C,C,D,D,A,A,C,C,2,3,4,4,4,2,2,3,3,2,3,3,4,4,3,4,4,4,2,1,4,2,4,3,3,3,2,3,3,3,4,3,NA,NA
SEP_7_0173,379321FA20,fall-2020,2020-09-22,2020,2020-2021,fall,20,2020-09-02,7,5,5,132,112,B,C,B,A,D,B,A,A,B,A,C,D,D,D,A,B,1,1,1,1,1,5,5,5,5,1,5,5,5,5,5,5,5,5,5,5,1,5,5,5,5,5,5,5,5,5,5,5,NA,NA
SEP_7_0174,380510FA20,fall-2020,2020-09-22,2020,2020-2021,fall,20,2020-09-02,7,5,5,86,92,A,B,B,B,A,C,A,D,C,C,C,A,A,D,B,D,4,3,4,4,4,2,2,3,5,4,2,2,3,2,3,2,3,2,1,2,3,3,2,1,1,2,3,4,4,1,3,2,NA,NA
SEP_7_0175,380923FA20,fall-2020,2020-09-24,2020,2020-2021,fall,22,2020-09-02,7,2,3,90,68,A,C,C,C,D,C,B,C,C,C,D,C,A,D,B,C,5,4,5,4,5,2,1,2,2,4,1,2,4,4,4,3,3,4,4,1,4,3,4,2,2,2,1,1,1,3,2,1,NA,NA
SEP_7_0176,392869FA20,fall-2020,2020-10-09,2020,2020-2021,fall,37,2020-09-02,7,4,2,102,121,C,B,D,B,A,B,B,A,B,C,A,C,D,A,B,A,3,3,4,2,3,4,3,4,4,2,3,3,4,4,3,2,3,4,3,4,3,3,3,3,3,2,4,3,3,4,4,2,NA,NA
SEP_7_0177,394511FA20,fall-2020,2020-10-09,2020,2020-2021,fall,37,2020-09-02,7,8,7,120,87,A,B,B,B,D,B,A,A,B,C,C,D,A,D,A,C,1,1,1,1,1,4,4,4,5,1,4,4,3,5,5,5,5,5,4,5,1,5,5,5,5,5,5,5,5,1,5,5,NA,NA
SEP_7_0178,400561FA20,fall-2020,2020-10-22,2020,2020-2021,fall,50,2020-09-02,7,6,3,108,59,A,C,A,B,D,B,A,A,B,C,C,B,B,C,C,C,2,2,2,3,2,4,4,4,4,2,4,4,4,3,4,3,4,5,4,4,3,4,4,3,3,3,4,4,3,5,2,2,NA,NA
SEP_7_0179,402710FA20,fall-2020,2020-09-03,2020,2020-2021,fall,1,2020-09-02,7,2,5,92,86,A,C,D,C,A,D,A,D,B,C,D,C,A,D,A,C,3,3,3,4,4,3,3,2,3,4,2,2,3,3,3,3,3,4,2,2,4,4,4,2,3,3,3,2,3,3,1,1,NA,NA
SEP_7_0180,408473FA20,fall-2020,2020-09-03,2020,2020-2021,fall,1,2020-09-02,7,5,5,115,71,A,C,B,A,D,D,A,A,B,C,C,B,A,D,C,B,2,2,2,2,2,4,3,4,4,2,3,3,5,5,5,5,5,5,5,4,2,4,4,4,4,4,4,4,4,2,4,3,NA,NA
SEP_7_0181,413759FA20,fall-2020,2020-09-03,2020,2020-2021,fall,1,2020-09-02,7,3,5,104,88,A,A,A,A,A,A,A,A,B,C,C,C,A,D,C,B,3,2,4,3,2,2,3,3,4,2,3,3,4,5,4,3,3,4,3,4,3,3,5,4,2,3,3,3,4,3,4,3,NA,NA
SEP_7_0182,414252FA20,fall-2020,2020-09-03,2020,2020-2021,fall,1,2020-09-02,7,4,3,112,103,C,D,B,C,D,B,A,D,A,C,C,B,C,B,C,D,2,3,2,2,2,4,4,4,4,2,5,4,4,4,4,4,5,5,3,4,2,4,5,4,4,4,2,2,4,2,4,4,NA,NA
SEP_7_0183,419519FA20,fall-2020,2020-09-03,2020,2020-2021,fall,1,2020-09-02,7,5,7,117,126,C,B,B,C,D,C,A,A,B,C,C,D,C,D,A,D,5,1,2,1,2,4,4,4,5,1,4,4,5,4,5,4,4,4,5,4,2,4,5,4,4,3,4,4,5,4,4,2,NA,NA
SEP_7_0184,420737FA20,fall-2020,2020-09-03,2020,2020-2021,fall,1,2020-09-02,7,3,5,99,38,C,B,D,B,A,C,A,D,B,C,B,D,D,C,A,D,5,5,4,4,3,2,2,2,1,4,3,2,4,5,4,4,3,3,3,3,2,4,4,3,2,2,2,2,4,4,2,2,NA,NA
SEP_7_0185,420824FA20,fall-2020,2020-09-04,2020,2020-2021,fall,2,2020-09-02,7,3,4,95,81,C,C,B,C,D,B,C,D,D,C,C,D,A,C,B,C,2,2,2,2,2,3,3,2,4,2,4,3,4,4,4,3,2,4,3,4,3,3,5,4,2,2,3,4,4,3,2,1,NA,NA
SEP_7_0186,421776FA20,fall-2020,2020-09-04,2020,2020-2021,fall,2,2020-09-02,7,6,6,104,85,A,B,A,D,D,B,A,A,B,C,C,D,A,D,C,C,4,4,5,5,4,2,2,4,4,2,4,4,3,3,4,4,3,4,3,3,2,3,2,2,3,3,4,4,4,3,2,1,NA,NA
SEP_7_0187,421885FA20,fall-2020,2020-09-04,2020,2020-2021,fall,2,2020-09-02,7,5,3,94,74,A,A,B,A,D,B,A,D,C,C,D,D,D,D,C,A,3,3,4,4,2,3,2,3,3,4,2,2,4,5,4,4,3,4,2,2,3,3,2,2,2,3,2,2,4,3,3,2,NA,NA
SEP_7_0188,422654FA20,fall-2020,2020-09-04,2020,2020-2021,fall,2,2020-09-02,7,4,7,113,101,D,B,B,C,D,C,A,D,B,C,C,D,A,D,B,D,1,1,1,1,1,2,4,4,5,3,4,4,5,5,5,5,5,5,5,5,2,3,5,4,4,3,4,4,4,1,4,4,NA,NA
SEP_7_0189,427516FA20,fall-2020,2020-09-05,2020,2020-2021,fall,3,2020-09-02,7,3,5,110,94,C,B,A,A,B,B,A,B,C,B,C,D,D,D,A,D,1,2,2,2,2,2,4,4,4,3,4,4,5,5,5,5,5,4,4,4,3,4,5,4,2,4,2,4,4,1,4,2,NA,NA
SEP_7_0190,436007FA20,fall-2020,2020-09-05,2020,2020-2021,fall,3,2020-09-02,7,6,6,97,117,D,B,B,B,D,B,D,A,B,C,C,D,A,C,A,B,2,2,3,2,2,2,4,4,4,2,4,4,3,3,4,3,2,4,4,3,3,2,4,3,3,2,4,4,4,5,1,1,NA,NA
SEP_7_0191,443066FA20,fall-2020,2020-09-05,2020,2020-2021,fall,3,2020-09-02,7,2,5,94,81,A,C,A,C,A,B,B,D,B,C,B,D,A,A,C,D,4,3,4,3,4,2,2,2,3,3,3,3,4,4,4,2,3,4,3,2,4,2,4,2,2,2,4,2,3,3,2,2,NA,NA
SEP_7_0192,447996FA20,fall-2020,2020-09-05,2020,2020-2021,fall,3,2020-09-02,7,2,4,103,90,A,C,A,C,D,C,B,D,D,C,B,D,C,A,A,D,2,2,2,2,2,4,4,4,4,2,4,4,4,4,4,4,4,3,4,3,2,4,3,4,3,3,4,3,4,2,2,3,NA,NA
SEP_7_0193,448875FA20,fall-2020,2020-09-05,2020,2020-2021,fall,3,2020-09-02,7,4,3,100,126,D,C,B,D,D,C,A,A,C,C,D,C,D,D,A,C,2,1,3,2,1,4,2,3,3,2,3,3,4,4,4,4,3,2,5,5,1,3,5,4,4,5,4,3,4,1,3,3,NA,NA
SEP_7_0194,454884FA20,fall-2020,2020-09-05,2020,2020-2021,fall,3,2020-09-02,7,7,5,100,114,A,C,B,B,D,B,A,A,B,C,D,D,A,D,B,B,5,4,4,5,5,2,3,3,2,3,3,2,4,4,5,5,4,3,3,2,2,4,3,2,2,2,2,2,2,4,2,2,NA,NA
SEP_7_0195,460168FA20,fall-2020,2020-09-05,2020,2020-2021,fall,3,2020-09-02,7,0,3,86,79,D,C,D,D,B,C,D,C,C,D,D,D,D,D,D,D,4,3,3,4,5,2,2,3,3,2,2,2,3,3,3,4,3,4,3,2,3,2,2,1,2,2,2,2,2,4,2,2,NA,NA
SEP_7_0196,461450FA20,fall-2020,2020-09-06,2020,2020-2021,fall,4,2020-09-02,7,5,4,95,93,C,B,B,D,D,B,A,D,B,C,A,D,C,C,A,C,3,3,3,3,4,3,2,2,3,3,3,3,4,3,4,4,4,4,3,3,3,2,3,3,3,3,3,2,2,3,2,2,NA,NA
SEP_7_0197,462839FA20,fall-2020,2020-09-06,2020,2020-2021,fall,4,2020-09-02,7,6,4,113,92,B,B,B,B,D,B,A,D,D,A,B,D,A,D,C,D,2,2,3,1,1,4,4,3,5,2,4,3,5,5,5,5,5,5,3,5,1,4,5,4,3,4,5,3,5,1,3,3,NA,NA
SEP_7_0198,468470FA20,fall-2020,2020-09-06,2020,2020-2021,fall,4,2020-09-02,7,8,6,114,114,A,B,B,B,D,B,A,A,B,A,B,D,A,D,A,D,1,2,2,1,1,5,3,4,4,3,4,3,5,5,3,4,4,5,3,5,1,5,5,4,3,5,5,4,5,1,5,4,NA,NA
SEP_7_0199,469118FA20,fall-2020,2020-09-06,2020,2020-2021,fall,4,2020-09-02,7,4,4,90,123,A,C,B,B,D,C,D,D,C,C,C,C,D,A,A,D,1,1,2,1,2,2,4,4,4,1,4,4,5,4,4,4,2,2,4,4,2,4,4,3,1,2,2,4,4,2,2,1,NA,NA
SEP_7_0200,477844FA20,fall-2020,2020-09-06,2020,2020-2021,fall,4,2020-09-02,7,7,3,102,98,A,B,B,A,D,B,A,A,D,A,D,D,C,D,A,C,2,2,2,1,2,3,4,4,4,1,4,4,4,4,4,4,3,3,3,4,2,4,3,4,3,4,3,4,4,3,3,3,NA,NA
SEP_7_0201,478238FA20,fall-2020,2020-09-06,2020,2020-2021,fall,4,2020-09-02,7,8,6,100,118,A,B,B,B,D,B,A,A,B,C,D,D,A,D,A,C,2,2,2,2,2,3,4,4,3,3,4,4,3,3,3,5,3,5,4,2,3,4,4,3,2,2,4,4,4,3,2,2,NA,NA
SEP_7_0202,481644FA20,fall-2020,2020-09-06,2020,2020-2021,fall,4,2020-09-02,7,2,2,118,61,A,C,A,B,A,C,D,C,B,B,C,B,C,B,B,B,3,3,4,4,4,2,2,4,4,2,4,4,4,4,4,4,4,4,4,5,2,5,5,4,4,4,3,4,4,4,4,2,NA,NA
SEP_7_0203,482332FA20,fall-2020,2020-09-06,2020,2020-2021,fall,4,2020-09-02,7,5,5,107,84,D,B,B,C,A,B,A,A,B,A,C,D,D,B,A,D,2,3,2,2,2,4,4,4,4,2,4,4,4,4,4,4,4,4,4,4,4,4,2,4,2,4,4,4,4,2,2,2,NA,NA
SEP_7_0204,483631FA20,fall-2020,2020-09-06,2020,2020-2021,fall,4,2020-09-02,7,3,4,80,72,A,C,A,C,D,C,C,A,C,C,D,D,A,C,D,D,5,4,4,5,5,2,1,1,3,5,1,1,3,3,4,4,3,2,3,1,4,1,1,1,1,2,1,2,1,4,1,1,NA,NA
SEP_7_0205,486407FA20,fall-2020,2020-09-06,2020,2020-2021,fall,4,2020-09-02,7,5,5,99,116,C,A,B,B,D,C,A,A,B,C,C,C,A,D,C,C,2,2,2,2,2,3,4,4,4,2,4,4,4,4,4,3,3,4,4,4,3,4,2,3,2,3,3,4,4,2,2,2,NA,NA
SEP_7_0206,486936FA20,fall-2020,2020-09-06,2020,2020-2021,fall,4,2020-09-02,7,6,6,105,100,A,B,C,A,D,B,A,A,B,C,C,D,A,D,D,C,2,3,2,2,2,4,4,4,4,3,4,4,3,3,4,4,3,4,4,4,2,3,5,4,3,4,3,4,4,3,2,1,NA,NA
SEP_7_0207,489107FA20,fall-2020,2020-09-06,2020,2020-2021,fall,4,2020-09-02,7,4,2,104,73,A,C,B,C,D,C,A,D,C,C,D,B,C,D,B,A,4,3,4,3,3,2,2,3,2,3,3,2,5,5,4,5,5,5,4,4,2,3,2,3,2,3,3,3,4,3,3,2,NA,NA
SEP_7_0208,492712FA20,fall-2020,2020-09-07,2020,2020-2021,fall,5,2020-09-02,7,8,6,101,116,A,B,B,B,D,B,A,A,C,C,C,D,A,D,B,D,3,1,2,2,4,4,4,5,5,2,5,5,4,3,4,3,4,3,2,1,5,4,2,1,1,1,4,4,4,5,3,1,NA,NA
SEP_7_0209,495832FA20,fall-2020,2020-09-09,2020,2020-2021,fall,7,2020-09-02,7,8,7,109,78,A,B,B,B,D,B,A,A,B,C,D,D,A,D,A,D,2,2,2,2,2,3,4,4,4,2,3,4,4,5,5,4,3,5,4,4,3,4,4,4,2,4,3,4,4,2,4,3,NA,NA
SEP_7_0210,497381FA20,fall-2020,2020-09-10,2020,2020-2021,fall,8,2020-09-02,7,1,2,84,69,C,C,A,A,A,C,A,C,B,C,A,A,B,C,C,C,4,3,4,4,3,1,2,3,3,2,2,3,3,3,2,4,3,3,4,2,5,2,1,2,2,2,2,2,2,3,2,1,NA,NA
SEP_7_0211,500231FA20,fall-2020,2020-09-14,2020,2020-2021,fall,12,2020-09-02,7,1,3,104,50,D,D,A,C,A,B,C,B,D,C,B,A,A,C,B,D,4,5,4,3,3,2,3,2,4,2,1,3,5,4,5,4,5,4,3,4,3,2,2,3,2,3,2,4,3,4,3,3,NA,NA
SEP_7_0212,504971FA20,fall-2020,2020-09-14,2020,2020-2021,fall,12,2020-09-02,7,7,6,101,119,A,B,B,B,D,B,A,D,C,C,C,B,A,D,A,D,2,2,3,3,2,3,3,4,4,2,4,4,4,5,4,4,4,2,2,4,2,3,5,4,3,4,2,2,5,2,2,2,NA,NA
SEP_7_0213,511883FA20,fall-2020,2020-09-16,2020,2020-2021,fall,14,2020-09-02,7,2,3,92,61,B,C,A,B,D,A,D,B,B,C,A,B,B,D,B,A,5,5,5,5,5,1,1,1,1,4,2,2,2,3,3,3,3,3,3,3,4,2,5,2,3,3,2,2,2,3,2,2,NA,NA
SEP_7_0214,512941FA20,fall-2020,2020-09-19,2020,2020-2021,fall,17,2020-09-02,7,2,7,121,83,A,D,A,C,D,C,D,D,B,C,C,D,D,D,A,D,1,1,1,1,1,5,4,3,3,2,4,4,5,5,5,5,5,5,5,5,1,5,5,5,3,5,2,5,5,5,5,5,NA,NA
SEP_7_0215,513570FA20,fall-2020,2020-09-21,2020,2020-2021,fall,19,2020-09-02,7,4,5,95,114,D,B,B,B,B,B,B,D,B,C,C,D,D,D,C,A,4,4,4,4,2,2,3,2,2,3,2,2,4,3,4,4,4,4,4,2,4,2,4,2,2,4,2,2,2,4,2,2,NA,NA
SEP_7_0216,520464FA20,fall-2020,2020-09-21,2020,2020-2021,fall,19,2020-09-02,7,2,6,97,56,D,B,A,C,D,C,D,D,B,C,C,D,A,D,D,B,1,1,1,1,1,4,4,4,4,2,4,4,4,4,4,3,4,4,3,4,2,2,5,4,3,3,3,4,3,1,3,3,NA,NA
SEP_7_0217,520936FA20,fall-2020,2020-09-21,2020,2020-2021,fall,19,2020-09-02,7,4,0,95,92,D,C,A,C,D,B,A,A,D,D,A,B,C,B,D,C,3,2,2,2,2,3,2,3,2,3,3,3,3,4,3,3,4,3,3,3,2,3,4,4,3,3,3,4,4,3,3,3,NA,NA
SEP_7_0218,524172FA20,fall-2020,2020-09-22,2020,2020-2021,fall,20,2020-09-02,7,2,5,110,84,B,D,B,C,D,C,D,B,C,C,C,D,D,D,C,D,2,2,2,2,2,4,4,4,4,2,4,4,4,4,4,4,4,4,4,4,2,4,4,4,4,4,4,4,4,4,2,2,NA,NA
SEP_7_0219,525902FA20,fall-2020,2020-09-22,2020,2020-2021,fall,20,2020-09-02,7,7,4,103,101,A,B,B,B,D,D,A,A,D,C,C,D,A,C,D,B,2,2,2,2,2,2,4,4,5,2,4,4,3,5,4,3,3,2,5,3,2,3,5,4,3,3,4,4,4,2,4,2,NA,NA
SEP_7_0220,548219FA20,fall-2020,2020-09-22,2020,2020-2021,fall,20,2020-09-02,7,4,4,97,118,D,B,A,C,D,B,A,B,D,A,C,D,A,D,D,B,2,1,2,2,2,4,4,4,4,2,4,5,3,3,4,4,3,2,2,3,3,3,5,3,4,3,4,4,3,3,1,1,NA,NA
SEP_7_0221,553773FA20,fall-2020,2020-09-22,2020,2020-2021,fall,20,2020-09-02,7,0,3,110,72,D,D,A,C,B,D,C,C,B,A,C,B,B,C,A,C,3,2,2,2,4,3,2,2,4,4,2,4,5,4,4,5,5,5,5,4,2,2,4,2,4,4,5,4,4,4,2,2,NA,NA
SEP_7_0222,554347FA20,fall-2020,2020-09-26,2020,2020-2021,fall,24,2020-09-02,7,5,2,107,100,A,C,A,B,D,B,A,D,A,C,B,B,C,C,A,A,2,1,3,3,1,3,4,4,4,3,3,5,4,3,4,3,2,4,3,4,2,5,5,4,3,4,3,4,5,2,4,3,NA,NA
SEP_7_0223,560101FA20,fall-2020,2020-10-09,2020,2020-2021,fall,37,2020-09-02,7,4,6,67,52,C,B,B,C,D,C,A,D,A,C,C,D,A,D,A,B,5,5,5,5,5,1,1,1,1,5,1,1,1,1,2,1,2,1,2,1,5,1,1,1,1,1,1,1,1,5,1,1,NA,NA
SEP_7_0224,560150FA20,fall-2020,2020-10-24,2020,2020-2021,fall,52,2020-09-02,7,3,3,86,115,C,C,A,D,D,B,A,B,B,B,C,C,A,A,B,C,4,2,4,4,4,2,3,3,2,3,3,3,3,3,2,2,1,4,2,2,4,2,1,2,2,2,3,3,3,3,3,2,NA,NA
SEP_7_0225,103311SM20,summer-8_2020,2020-06-24,2020,2019-2020,summer-8,4,2020-06-20,7,8,6,105,141,A,B,B,B,D,B,A,A,C,C,C,D,D,D,A,D,4,1,2,1,1,5,5,5,5,1,5,5,5,2,2,2,3,5,2,3,4,3,4,3,2,2,5,5,5,2,4,2,NA,NA
SEP_7_0226,118381SM20,summer-8_2020,2020-06-25,2020,2019-2020,summer-8,5,2020-06-20,7,0,6,96,72,D,C,A,C,B,D,B,C,D,C,C,D,A,C,A,D,3,4,3,4,3,2,2,2,3,3,3,3,4,5,4,3,4,4,4,4,2,3,3,3,2,3,2,2,2,2,2,3,NA,NA
SEP_7_0227,122759SM20,summer-8_2020,2020-06-25,2020,2019-2020,summer-8,5,2020-06-20,7,7,7,100,113,A,B,B,B,D,B,A,D,B,A,C,D,A,D,A,D,1,1,1,1,1,1,1,4,5,1,4,4,5,5,5,2,4,4,2,5,1,5,5,4,2,4,5,5,4,2,4,2,NA,NA
SEP_7_0228,127353SM20,summer-8_2020,2020-06-25,2020,2019-2020,summer-8,5,2020-06-20,7,6,5,104,96,A,C,B,B,D,B,A,D,B,A,C,D,D,D,A,C,1,2,1,1,1,5,4,4,4,1,4,4,4,4,5,4,4,5,2,5,1,4,5,5,4,5,2,2,4,1,4,2,NA,NA
SEP_7_0229,133380SM20,summer-8_2020,2020-06-26,2020,2019-2020,summer-8,6,2020-06-20,7,6,6,103,124,A,D,B,C,D,B,A,A,B,C,B,D,D,D,A,D,1,1,1,1,1,5,4,4,4,1,4,4,5,5,4,4,3,3,2,4,2,4,4,4,3,4,4,2,5,1,5,4,NA,NA
SEP_7_0230,136011SM20,summer-8_2020,2020-06-27,2020,2019-2020,summer-8,7,2020-06-20,7,4,6,123,71,D,B,B,C,D,C,A,B,B,C,A,D,B,D,A,D,2,1,1,1,1,5,5,5,5,1,5,5,5,4,4,4,5,5,5,5,1,4,5,5,5,5,5,5,5,1,4,4,NA,NA
SEP_7_0231,139512SM20,summer-8_2020,2020-06-27,2020,2019-2020,summer-8,7,2020-06-20,7,6,2,107,85,A,B,B,C,D,B,A,D,B,A,C,B,C,C,C,A,4,4,2,2,4,2,2,2,4,4,2,2,5,4,5,5,5,5,5,4,3,3,4,3,1,3,1,2,4,5,4,2,NA,NA
SEP_7_0232,144222SM20,summer-8_2020,2020-07-02,2020,2019-2020,summer-8,12,2020-06-20,7,5,6,114,103,A,C,B,B,D,C,A,D,B,C,C,C,A,D,A,A,2,2,2,2,1,5,5,5,5,2,4,4,4,4,4,3,4,4,4,4,2,4,5,4,4,4,4,4,4,2,4,3,NA,NA
SEP_7_0233,147859SM20,summer-8_2020,2020-07-04,2020,2019-2020,summer-8,14,2020-06-20,7,6,2,84,88,A,A,B,A,D,B,A,A,C,B,B,D,C,D,C,B,2,2,3,2,3,2,2,3,3,2,3,3,3,3,3,3,3,2,3,2,2,3,3,2,2,3,2,2,3,4,3,3,NA,NA
SEP_7_0234,153974SM20,summer-8_2020,2020-07-16,2020,2019-2020,summer-8,26,2020-06-20,7,8,7,102,100,A,B,B,B,D,B,A,A,B,C,C,D,A,D,C,D,2,1,2,1,1,4,5,4,5,1,4,4,4,4,4,4,3,4,3,4,2,4,3,4,2,3,4,4,4,3,2,3,NA,NA
SEP_7_0235,157710SM20,summer-8_2020,2020-07-19,2020,2019-2020,summer-8,29,2020-06-20,7,1,2,82,106,D,B,A,C,A,C,B,D,C,A,D,C,A,C,B,D,5,5,5,5,5,1,1,1,1,1,1,1,4,4,4,5,4,4,2,1,5,1,1,1,1,3,1,1,1,5,1,1,NA,NA
SEP_7_0236,158037SM20,summer-8_2020,2020-07-24,2020,2019-2020,summer-8,34,2020-06-20,7,6,8,95,145,D,B,A,B,D,B,A,A,B,C,C,D,A,D,A,D,5,1,5,5,5,5,1,5,3,1,5,3,2,4,3,3,4,2,4,1,1,3,1,1,1,5,5,5,2,2,1,1,NA,NA
SEP_7_0237,158218SM20,summer-8_2020,2020-07-29,2020,2019-2020,summer-8,39,2020-06-20,7,5,3,95,98,A,B,A,C,D,B,A,C,A,B,C,D,A,C,D,B,3,3,2,2,3,3,3,4,5,2,4,3,3,3,3,4,2,2,2,3,3,3,4,3,3,2,3,2,3,4,3,3,NA,NA
SEP_7_0238,162340SM20,summer-8_2020,2020-08-03,2020,2019-2020,summer-8,44,2020-06-20,7,4,6,104,97,A,B,C,C,D,C,A,D,B,C,D,D,A,D,A,C,2,1,2,2,2,4,4,4,4,3,4,4,4,3,4,4,4,3,3,4,2,4,5,4,3,3,4,4,3,3,2,2,NA,NA
SEP_7_0239,163788SM20,summer-8_2020,2020-08-03,2020,2019-2020,summer-8,44,2020-06-20,7,6,5,95,62,D,B,B,B,D,B,A,B,B,A,B,D,A,D,A,B,2,4,2,4,3,3,2,1,2,4,2,3,4,4,5,4,4,4,4,2,3,2,5,3,2,4,1,1,4,2,2,3,NA,NA
SEP_7_0240,167100SM20,summer-8_2020,2020-08-04,2020,2019-2020,summer-8,45,2020-06-20,7,8,7,99,73,A,B,B,B,D,B,A,A,B,C,C,D,D,D,A,D,4,2,2,4,3,2,3,3,4,2,2,4,4,4,4,3,3,3,2,2,4,4,4,3,2,3,4,3,4,3,2,3,NA,NA
SEP_7_0241,169101SM20,summer-8_2020,2020-08-04,2020,2019-2020,summer-8,45,2020-06-20,7,6,5,106,91,D,B,B,A,D,B,A,A,B,A,C,B,A,D,A,B,3,3,4,2,2,2,3,4,3,2,3,4,5,4,4,4,4,5,3,4,2,4,4,4,2,4,5,2,2,4,3,2,NA,NA
SEP_7_0242,180470SM20,summer-8_2020,2020-08-06,2020,2019-2020,summer-8,47,2020-06-20,7,5,5,102,118,A,B,B,C,A,C,A,A,B,C,C,C,A,D,C,B,4,3,4,4,4,2,4,2,3,3,3,3,4,3,4,4,4,4,4,2,3,2,4,3,2,3,3,3,3,2,4,2,NA,NA
SEP_7_0243,185896SM20,summer-8_2020,2020-08-07,2020,2019-2020,summer-8,48,2020-06-20,7,2,3,95,81,A,C,C,A,A,C,B,A,C,C,D,A,A,A,A,C,2,1,1,1,1,1,4,4,5,1,4,3,4,4,4,4,2,4,4,5,2,4,4,4,2,4,4,4,2,2,2,2,NA,NA
SEP_7_0244,187157SM20,summer-8_2020,2020-08-07,2020,2019-2020,summer-8,48,2020-06-20,7,4,4,112,99,D,B,A,C,D,B,A,D,B,C,C,D,D,B,B,B,2,3,1,2,1,5,4,4,4,2,4,4,5,5,5,4,5,4,4,5,1,4,5,4,3,4,4,3,4,1,3,3,NA,NA
SEP_7_0245,193033SM20,summer-8_2020,2020-08-07,2020,2019-2020,summer-8,48,2020-06-20,7,1,4,117,100,D,C,A,C,A,C,C,A,B,C,D,B,A,C,A,A,1,1,1,1,1,4,4,2,4,2,4,4,5,5,5,4,3,5,4,5,1,5,5,5,5,5,5,5,5,1,5,5,NA,NA
SEP_7_0246,201505SM20,summer-8_2020,2020-06-25,2020,2019-2020,summer-8,5,2020-06-20,7,5,5,100,99,C,B,B,A,B,B,A,A,B,B,C,D,A,D,D,C,4,3,4,3,4,2,3,4,4,2,4,4,5,4,4,3,3,4,3,2,4,3,1,2,1,2,3,4,4,2,2,3,NA,NA
SEP_7_0247,201813SM20,summer-8_2020,2020-06-25,2020,2019-2020,summer-8,5,2020-06-20,7,3,4,88,95,A,C,A,C,D,B,C,C,C,C,D,B,A,D,C,D,2,2,2,2,2,3,3,3,3,3,3,3,2,5,4,2,3,4,2,3,2,3,2,3,2,2,3,3,3,3,4,2,NA,NA
SEP_7_0248,204456SM20,summer-8_2020,2020-06-25,2020,2019-2020,summer-8,5,2020-06-20,7,4,3,90,95,A,C,A,B,D,C,A,D,B,C,B,B,D,D,D,B,5,4,5,5,4,2,1,2,2,4,2,2,3,3,2,3,3,4,2,2,3,2,3,2,2,2,2,2,2,4,3,3,NA,NA
SEP_7_0249,206170SM20,summer-8_2020,2020-06-26,2020,2019-2020,summer-8,6,2020-06-20,7,7,7,77,111,A,B,B,B,D,C,A,A,B,C,C,D,A,D,C,D,2,1,4,4,3,2,2,2,2,4,1,4,2,1,4,2,1,4,4,2,4,2,1,2,1,4,1,1,2,4,2,2,NA,NA
SEP_7_0250,208305SM20,summer-8_2020,2020-06-26,2020,2019-2020,summer-8,6,2020-06-20,7,8,8,115,83,A,B,B,B,D,B,A,A,B,C,C,D,A,D,A,D,1,1,1,1,1,5,4,4,5,1,5,4,4,5,5,3,3,4,4,5,2,5,5,5,4,5,4,4,4,1,5,5,NA,NA
SEP_7_0251,213652SM20,summer-8_2020,2020-06-27,2020,2019-2020,summer-8,7,2020-06-20,7,4,3,99,113,A,C,B,B,C,A,A,B,B,A,D,D,D,D,C,A,2,4,4,4,3,2,2,2,5,2,3,4,4,4,4,3,4,4,3,4,2,4,4,2,2,2,2,2,3,4,3,2,NA,NA
SEP_7_0252,219001SM20,summer-8_2020,2020-06-27,2020,2019-2020,summer-8,7,2020-06-20,7,4,5,108,108,C,C,B,B,D,A,B,A,D,C,C,B,A,D,C,D,1,2,2,2,2,3,3,4,4,3,3,4,5,4,5,4,4,4,4,4,3,4,5,4,3,4,3,3,3,2,4,3,NA,NA
SEP_7_0253,221294SM20,summer-8_2020,2020-07-01,2020,2019-2020,summer-8,11,2020-06-20,7,1,4,81,58,A,C,A,C,A,A,B,C,B,C,C,C,D,D,C,C,5,5,5,5,4,1,1,1,2,4,1,1,4,4,4,4,3,2,3,1,4,1,1,1,1,4,1,1,1,4,1,1,NA,NA
SEP_7_0254,221567SM20,summer-8_2020,2020-07-04,2020,2019-2020,summer-8,14,2020-06-20,7,7,5,107,122,A,C,B,B,D,B,A,A,B,D,C,D,D,D,D,D,2,4,1,1,1,1,3,4,5,2,4,5,5,5,5,5,4,5,5,5,2,4,5,4,2,3,3,1,4,1,3,3,NA,NA
SEP_7_0255,224727SM20,summer-8_2020,2020-07-05,2020,2019-2020,summer-8,15,2020-06-20,7,4,4,89,99,D,C,A,B,C,B,A,A,C,C,C,D,A,C,C,C,3,2,4,3,2,2,2,3,4,3,3,3,4,3,3,2,2,4,3,4,3,3,4,2,1,3,2,1,3,2,3,3,NA,NA
SEP_7_0256,229775SM20,summer-8_2020,2020-07-07,2020,2019-2020,summer-8,17,2020-06-20,7,5,5,89,102,A,D,B,B,D,C,A,D,B,C,B,D,A,A,C,D,4,4,4,4,4,2,2,2,3,3,2,2,3,4,3,3,2,3,2,3,4,2,2,2,2,2,2,3,3,4,2,2,NA,NA
SEP_7_0257,231487SM20,summer-8_2020,2020-07-13,2020,2019-2020,summer-8,23,2020-06-20,7,6,4,89,57,A,C,A,B,D,B,A,A,B,C,B,D,A,C,D,B,4,4,2,3,4,2,2,2,3,3,2,3,2,3,4,3,4,2,4,2,4,2,2,2,2,2,4,3,2,4,2,2,NA,NA
SEP_7_0258,233750SM20,summer-8_2020,2020-07-16,2020,2019-2020,summer-8,26,2020-06-20,7,4,2,87,86,A,C,B,C,A,B,D,A,C,A,A,C,A,D,C,C,5,4,5,4,5,2,3,2,3,3,3,2,3,4,3,2,2,5,1,1,5,1,1,1,1,2,4,1,3,4,1,1,NA,NA
SEP_7_0259,239837SM20,summer-8_2020,2020-07-21,2020,2019-2020,summer-8,31,2020-06-20,7,4,4,85,77,A,C,A,B,A,B,A,D,C,C,C,B,A,D,C,B,4,2,4,4,4,2,2,3,2,2,2,2,4,4,4,4,3,4,4,2,3,2,1,2,1,2,2,2,2,3,2,1,NA,NA
SEP_7_0260,241645SM20,summer-8_2020,2020-07-23,2020,2019-2020,summer-8,33,2020-06-20,7,2,4,69,79,D,C,A,A,D,D,A,D,C,C,D,D,A,A,C,D,4,2,2,3,4,2,1,2,2,2,2,2,1,3,4,2,2,2,2,2,4,2,2,2,1,2,1,1,2,4,1,1,NA,NA
SEP_7_0261,244733SM20,summer-8_2020,2020-07-29,2020,2019-2020,summer-8,39,2020-06-20,7,6,7,102,106,A,B,B,A,D,B,C,A,B,C,C,D,D,D,A,D,1,1,2,1,1,4,4,4,4,2,4,5,3,3,5,2,3,2,4,5,2,5,5,5,2,3,4,5,5,2,2,2,NA,NA
SEP_7_0262,245434SM20,summer-8_2020,2020-08-01,2020,2019-2020,summer-8,42,2020-06-20,7,6,6,96,124,D,B,A,B,D,B,A,A,B,C,C,D,C,D,A,C,4,4,4,4,5,2,2,2,2,4,2,1,4,4,4,4,4,4,4,2,4,3,1,2,1,4,2,2,2,5,3,1,NA,NA
SEP_7_0263,245916SM20,summer-8_2020,2020-08-02,2020,2019-2020,summer-8,43,2020-06-20,7,3,4,114,75,D,C,A,A,D,B,D,A,B,D,A,C,A,D,D,D,3,2,2,2,2,4,3,3,4,2,4,4,5,4,5,5,5,5,5,4,2,4,5,4,3,4,4,5,2,4,2,2,NA,NA
SEP_7_0264,250658SM20,summer-8_2020,2020-08-03,2020,2019-2020,summer-8,44,2020-06-20,7,4,5,92,67,A,D,B,D,D,C,B,A,B,D,A,D,A,D,C,D,5,4,4,4,4,1,2,2,3,4,2,2,4,4,4,4,3,2,3,2,4,2,2,2,2,2,2,3,2,4,2,2,NA,NA
SEP_7_0265,252443SM20,summer-8_2020,2020-08-04,2020,2019-2020,summer-8,45,2020-06-20,7,3,3,106,116,D,C,D,B,D,A,A,B,B,A,D,D,C,A,C,D,1,1,1,1,1,5,5,4,5,1,4,4,4,4,4,4,4,4,4,4,2,4,5,4,5,4,4,4,4,1,2,2,NA,NA
SEP_7_0266,252609SM20,summer-8_2020,2020-08-05,2020,2019-2020,summer-8,46,2020-06-20,7,1,6,87,78,C,C,B,C,A,C,D,B,C,C,C,D,A,D,A,C,4,2,2,2,2,4,4,4,4,3,2,2,4,2,4,4,4,2,4,2,3,1,1,2,1,2,5,4,3,2,1,1,NA,NA
SEP_7_0267,255112SM20,summer-8_2020,2020-08-06,2020,2019-2020,summer-8,47,2020-06-20,7,2,5,104,81,A,C,A,D,C,C,A,D,B,C,B,B,A,D,A,C,3,3,4,3,5,3,4,3,2,2,4,2,5,1,5,4,4,5,4,4,4,2,5,2,1,1,4,4,4,5,1,1,NA,NA
SEP_7_0268,255928SM20,summer-8_2020,2020-08-06,2020,2019-2020,summer-8,47,2020-06-20,7,2,1,102,61,A,C,A,D,A,C,A,D,B,D,B,B,D,A,C,B,3,2,1,1,1,4,4,3,4,3,4,4,4,5,4,3,4,4,3,4,2,4,4,4,2,3,4,4,3,2,3,2,NA,NA
SEP_7_0269,262708SM20,summer-8_2020,2020-08-07,2020,2019-2020,summer-8,48,2020-06-20,7,3,2,112,79,A,D,B,D,B,C,A,D,C,A,C,A,B,C,B,D,2,1,2,3,2,4,4,4,4,2,4,4,4,5,4,4,4,4,4,4,2,4,4,4,4,3,4,4,4,3,4,3,NA,NA
SEP_7_0270,264271SM20,summer-8_2020,2020-08-07,2020,2019-2020,summer-8,48,2020-06-20,7,0,2,89,79,C,C,A,C,A,C,D,B,C,B,D,B,A,B,A,C,3,2,4,5,4,2,4,4,4,4,2,2,4,2,4,1,2,4,2,1,4,2,2,2,2,2,2,2,4,4,2,1,NA,NA
SEP_7_0271,264422SM20,summer-8_2020,2020-08-07,2020,2019-2020,summer-8,48,2020-06-20,7,2,2,105,109,D,B,B,A,B,D,C,C,C,A,C,C,C,D,C,C,5,5,5,5,5,1,1,2,2,4,2,2,5,5,5,5,5,5,4,2,3,4,1,2,1,4,1,2,2,1,5,4,NA,NA
SEP_7_0272,1028FA22,fall-2022,2022-10-27,2022,2022-2023,fall,50,2022-09-07,7,5,6,99,88,D,B,B,B,D,C,A,D,B,C,C,D,A,D,B,C,5,5,1,2,2,4,2,2,3,3,2,3,4,4,3,4,4,4,4,2,4,4,5,2,2,2,4,2,4,4,2,1,NA,NA
SEP_7_0273,1034FA22,fall-2022,2022-10-24,2022,2022-2023,fall,47,2022-09-07,7,3,5,98,76,A,D,A,A,A,A,A,A,B,C,A,C,A,D,A,C,3,1,2,2,2,4,3,4,5,1,4,4,4,4,4,2,1,4,2,4,2,4,5,3,2,2,4,4,4,2,4,2,NA,NA
SEP_7_0274,1074FA22,fall-2022,2022-10-24,2022,2022-2023,fall,47,2022-09-07,7,4,2,119,87,A,A,B,C,A,B,A,C,B,D,A,B,C,B,A,C,2,2,3,3,2,4,4,4,4,2,3,4,5,5,5,5,4,5,5,4,2,4,5,4,3,4,4,3,5,2,4,4,NA,NA
SEP_7_0275,1101FA22,fall-2022,2022-10-24,2022,2022-2023,fall,47,2022-09-07,7,1,2,89,101,C,B,A,C,B,C,D,D,B,B,C,A,D,C,B,C,3,3,2,2,3,2,3,3,3,2,3,3,4,4,3,2,3,4,2,3,3,3,2,3,2,3,3,3,3,3,2,2,NA,NA
SEP_7_0276,1140FA22,fall-2022,2022-10-24,2022,2022-2023,fall,47,2022-09-07,7,1,1,105,111,D,C,A,C,C,A,A,C,C,A,D,C,C,D,D,B,2,2,4,3,2,2,4,4,4,2,4,4,4,4,4,4,4,4,2,4,2,4,4,4,2,4,2,4,4,4,2,2,NA,NA
SEP_7_0277,1155FA22,fall-2022,2022-10-24,2022,2022-2023,fall,47,2022-09-07,7,2,2,81,47,C,C,D,A,A,A,A,A,C,C,A,B,A,C,D,A,5,5,4,4,5,2,1,2,1,2,3,1,2,5,3,2,2,4,4,1,4,2,1,1,1,2,1,2,2,5,1,1,NA,NA
SEP_7_0278,1180FA22,fall-2022,2022-10-24,2022,2022-2023,fall,47,2022-09-07,7,5,7,98,125,A,B,B,C,D,C,A,D,B,C,C,D,A,D,C,D,2,2,2,2,2,3,4,4,5,3,3,4,3,3,4,3,3,5,3,4,2,3,3,3,2,3,4,4,3,2,3,2,NA,NA
SEP_7_0279,1194FA22,fall-2022,2022-10-24,2022,2022-2023,fall,47,2022-09-07,7,1,4,80,71,D,B,A,C,C,A,D,D,D,C,C,D,A,C,C,A,4,4,4,4,4,2,1,2,2,4,2,2,3,4,3,2,2,3,2,2,3,2,2,2,1,2,2,2,2,4,1,1,NA,NA
SEP_7_0280,1243FA22,fall-2022,2022-10-25,2022,2022-2023,fall,48,2022-09-07,7,2,3,78,83,D,A,B,B,A,C,B,C,B,C,D,A,C,A,A,A,5,5,5,4,5,2,1,2,2,5,1,2,2,2,4,2,1,1,2,1,5,4,2,1,1,2,1,1,1,4,1,1,NA,NA
SEP_7_0281,1249FA22,fall-2022,2022-10-24,2022,2022-2023,fall,47,2022-09-07,7,3,2,127,81,A,C,A,C,D,D,A,C,A,C,C,B,C,C,B,B,1,1,1,1,1,5,5,5,5,1,5,5,5,5,5,5,5,5,5,5,1,5,5,5,4,5,5,5,5,1,5,5,NA,NA
SEP_7_0282,1300FA22,fall-2022,2022-10-25,2022,2022-2023,fall,48,2022-09-07,7,5,2,97,82,A,B,B,B,A,C,A,C,A,A,A,A,A,A,A,A,2,2,2,2,2,3,3,3,4,2,4,3,4,4,4,4,4,3,4,3,3,3,3,3,3,3,3,3,4,3,2,2,NA,NA
SEP_7_0283,1329FA22,fall-2022,2022-10-24,2022,2022-2023,fall,47,2022-09-07,7,2,2,100,60,C,C,B,A,A,C,A,B,D,B,C,A,A,C,B,C,4,4,4,4,4,2,2,2,3,4,2,2,4,4,4,4,4,4,4,4,4,4,2,2,2,2,2,3,4,2,2,2,NA,NA
SEP_7_0284,1337FA22,fall-2022,2022-10-24,2022,2022-2023,fall,47,2022-09-07,7,2,3,100,89,A,D,D,C,A,B,D,B,B,D,B,C,C,B,A,D,4,4,4,4,4,2,2,2,2,2,2,2,4,4,5,5,5,5,4,4,2,4,2,2,2,2,2,4,4,2,2,2,NA,NA
SEP_7_0285,1339FA22,fall-2022,2022-10-24,2022,2022-2023,fall,47,2022-09-07,7,4,3,80,99,C,B,B,C,D,C,A,C,B,C,D,B,C,D,C,B,4,2,2,2,2,2,2,3,2,2,2,2,5,2,4,4,4,4,4,2,2,2,2,2,2,2,2,2,2,2,2,2,NA,NA
SEP_7_0286,1366FA22,fall-2022,2022-10-24,2022,2022-2023,fall,47,2022-09-07,7,0,2,114,104,D,C,A,C,B,D,D,D,C,C,B,B,A,C,B,C,2,1,2,1,1,2,4,5,3,3,4,5,5,5,4,5,5,5,4,5,1,4,3,4,5,4,4,4,5,1,4,4,NA,NA
SEP_7_0287,1400FA22,fall-2022,2022-10-24,2022,2022-2023,fall,47,2022-09-07,7,2,2,127,106,C,D,C,A,A,A,A,A,A,A,A,A,A,A,A,A,5,4,4,2,4,4,4,4,4,4,4,4,4,4,4,4,4,4,4,4,4,4,4,4,4,4,4,4,4,4,4,4,NA,NA
SEP_7_0288,1406FA22,fall-2022,2022-10-24,2022,2022-2023,fall,47,2022-09-07,7,6,6,89,100,A,B,B,C,D,C,A,A,B,C,A,D,A,D,B,D,2,2,3,3,3,3,2,3,4,3,2,2,3,3,2,3,3,4,4,3,3,2,4,3,3,3,2,3,2,3,2,2,NA,NA
SEP_7_0289,1412FA22,fall-2022,2022-10-24,2022,2022-2023,fall,47,2022-09-07,7,2,1,84,107,A,A,B,D,A,C,B,D,B,D,A,C,D,A,C,B,4,4,4,3,3,2,1,2,2,4,2,1,3,4,3,2,1,3,2,2,3,3,4,2,2,3,2,2,2,4,3,2,NA,NA
SEP_7_0290,1461FA22,fall-2022,2022-10-24,2022,2022-2023,fall,47,2022-09-07,7,4,2,109,86,D,B,B,A,B,B,A,D,B,D,A,B,D,A,C,D,2,2,2,2,2,3,4,4,4,2,4,4,4,4,4,4,3,4,4,4,2,4,5,4,4,4,4,4,4,4,2,2,NA,NA
SEP_7_0291,1475FA22,fall-2022,2022-10-24,2022,2022-2023,fall,47,2022-09-07,7,1,4,98,59,C,C,C,C,D,A,C,B,B,C,D,D,A,A,C,B,2,2,4,2,2,2,2,2,3,2,3,4,4,4,4,4,3,5,4,4,4,4,4,2,2,4,2,2,4,4,2,2,NA,NA
SEP_7_0292,1504FA22,fall-2022,2022-10-24,2022,2022-2023,fall,47,2022-09-07,7,5,4,100,87,A,A,B,A,D,B,A,D,D,B,D,D,A,C,A,D,4,2,4,2,2,2,2,4,2,2,2,4,5,4,5,4,4,5,2,4,2,2,5,2,2,4,4,4,4,2,2,2,NA,NA
SEP_7_0293,1767FA22,fall-2022,2022-10-24,2022,2022-2023,fall,47,2022-09-07,7,1,2,97,107,D,C,A,A,B,C,A,B,B,D,B,D,C,C,B,A,4,4,4,3,4,2,1,2,2,4,4,2,5,5,5,2,5,2,4,2,3,2,1,2,1,3,4,4,4,4,1,2,NA,NA
SEP_7_0294,1868FA22,fall-2022,2022-10-25,2022,2022-2023,fall,48,2022-09-07,7,4,3,106,112,A,B,B,C,A,D,B,A,B,A,D,C,A,C,A,C,3,2,4,2,3,3,5,3,3,2,2,3,4,4,4,5,5,5,5,3,2,3,4,3,2,4,3,3,3,2,4,3,NA,NA
SEP_7_0295,1884FA22,fall-2022,2022-10-25,2022,2022-2023,fall,48,2022-09-07,7,5,6,106,75,D,B,B,C,D,C,A,A,B,C,C,C,A,D,A,A,2,1,1,1,1,4,4,4,4,2,4,5,4,4,4,4,3,4,4,4,2,4,5,4,2,4,4,4,4,3,3,3,NA,NA
SEP_7_0296,1940FA22,fall-2022,2022-10-25,2022,2022-2023,fall,48,2022-09-07,7,4,7,92,101,A,C,B,A,D,C,C,A,B,C,C,D,A,D,D,D,2,2,2,2,4,4,2,3,4,2,4,3,4,4,4,4,4,4,4,4,2,2,2,4,2,2,2,2,2,4,1,1,NA,NA
SEP_7_0297,1957FA22,fall-2022,2022-10-25,2022,2022-2023,fall,48,2022-09-07,7,3,1,96,114,A,C,B,A,D,C,D,D,B,B,D,B,D,A,B,C,2,3,3,2,2,4,4,4,4,2,3,4,3,4,4,3,2,4,1,2,4,3,4,3,3,2,2,4,4,3,2,2,NA,NA
SEP_7_0298,1983FA22,fall-2022,2022-10-25,2022,2022-2023,fall,48,2022-09-07,7,4,0,111,43,A,A,A,C,D,B,B,A,C,A,D,A,C,A,D,C,3,4,3,3,3,3,2,2,3,3,3,4,4,4,4,4,3,4,4,4,4,4,4,4,4,3,3,3,3,4,4,4,NA,NA
SEP_7_0299,1985FA22,fall-2022,2022-10-25,2022,2022-2023,fall,48,2022-09-07,7,3,4,84,95,A,A,B,A,D,A,D,D,C,C,C,B,A,D,D,B,5,4,3,4,4,2,2,2,4,3,2,2,2,3,4,2,2,4,2,1,4,2,2,2,1,2,2,2,3,4,2,1,NA,NA
SEP_7_0300,1991FA22,fall-2022,2022-10-25,2022,2022-2023,fall,48,2022-09-07,7,1,5,106,87,C,C,A,C,A,C,A,C,B,A,C,D,A,C,A,C,2,1,1,1,2,4,3,3,4,2,3,4,5,5,5,4,5,4,4,4,3,4,2,2,2,4,4,4,4,4,4,3,NA,NA
SEP_7_0301,2028FA22,fall-2022,2022-10-25,2022,2022-2023,fall,48,2022-09-07,7,1,2,79,66,A,C,A,A,A,D,B,C,B,D,A,C,B,C,A,A,4,2,2,2,4,2,2,4,2,2,2,2,4,2,4,2,4,4,1,1,4,2,4,1,2,2,2,2,2,4,1,1,NA,NA
SEP_7_0302,2043FA22,fall-2022,2022-10-25,2022,2022-2023,fall,48,2022-09-07,7,3,1,95,79,A,C,B,B,A,C,B,B,A,B,C,B,B,C,C,C,5,3,4,4,4,2,3,4,3,2,4,4,2,3,4,2,3,4,3,2,4,3,1,2,2,2,2,2,4,3,2,3,NA,NA
SEP_7_0303,2050FA22,fall-2022,2022-10-25,2022,2022-2023,fall,48,2022-09-07,7,3,2,96,79,A,D,A,B,C,C,A,D,C,C,B,C,D,A,B,D,4,2,2,2,4,2,2,4,2,2,2,4,4,5,5,4,2,5,4,4,4,2,4,2,2,2,2,2,4,4,2,1,NA,NA
SEP_7_0304,2053FA22,fall-2022,2022-11-20,2022,2022-2023,fall,74,2022-09-07,7,5,6,98,85,A,B,B,A,B,B,A,D,B,C,C,B,A,D,C,D,3,2,4,2,3,4,3,2,4,2,3,4,4,3,4,4,3,3,4,2,4,3,2,2,2,2,4,4,4,4,2,2,NA,NA
SEP_7_0305,2054FA22,fall-2022,2022-10-25,2022,2022-2023,fall,48,2022-09-07,7,1,2,107,66,D,D,A,A,A,C,A,D,D,C,A,C,B,B,B,D,1,1,2,1,1,5,5,5,5,2,4,5,5,5,5,5,5,2,2,5,2,5,5,5,2,5,2,2,5,1,1,1,NA,NA
SEP_7_0306,2078FA22,fall-2022,2022-10-25,2022,2022-2023,fall,48,2022-09-07,7,3,0,100,82,A,C,A,B,A,B,D,C,D,A,B,A,C,C,B,C,4,2,4,4,4,2,2,2,4,2,4,2,4,4,4,4,4,2,2,4,2,4,4,4,2,4,2,4,2,4,2,2,NA,NA
SEP_7_0307,2102FA22,fall-2022,2022-10-25,2022,2022-2023,fall,48,2022-09-07,7,2,2,97,82,D,C,C,C,D,B,B,B,C,C,D,B,D,D,B,B,2,4,1,1,1,4,5,4,4,2,4,4,2,3,5,1,3,2,2,5,2,3,3,4,3,4,4,4,4,3,2,2,NA,NA
SEP_7_0308,2106FA22,fall-2022,2022-10-25,2022,2022-2023,fall,48,2022-09-07,7,4,2,98,85,A,C,B,C,D,C,A,C,B,C,B,C,D,A,D,B,3,4,4,3,3,2,3,2,3,2,3,3,4,4,4,4,3,4,4,4,3,3,4,3,2,2,3,3,2,3,2,2,NA,NA
SEP_7_0309,2128FA22,fall-2022,2022-10-25,2022,2022-2023,fall,48,2022-09-07,7,3,2,113,97,A,A,A,A,A,A,A,A,C,A,A,A,A,A,A,B,2,2,3,2,1,3,4,4,4,2,4,4,4,4,4,4,4,4,4,4,3,4,5,4,4,4,4,4,4,2,4,4,NA,NA
SEP_7_0310,2135FA22,fall-2022,2022-10-25,2022,2022-2023,fall,48,2022-09-07,7,0,3,115,52,D,D,C,A,A,C,B,B,B,C,A,C,A,A,C,B,3,4,2,2,1,5,4,4,4,2,2,5,5,5,4,5,5,5,4,5,1,4,2,4,4,4,4,4,4,2,2,4,NA,NA
SEP_7_0311,2145FA22,fall-2022,2022-10-25,2022,2022-2023,fall,48,2022-09-07,7,8,8,116,112,A,B,B,B,D,B,A,A,B,C,C,D,A,D,A,D,1,2,2,1,1,4,5,4,5,2,5,5,4,4,5,3,4,4,4,5,2,5,5,5,4,4,4,4,5,2,4,2,NA,NA
SEP_7_0312,2148FA22,fall-2022,2022-10-25,2022,2022-2023,fall,48,2022-09-07,7,5,6,103,113,D,D,B,B,D,B,A,D,B,B,C,D,A,D,A,B,1,1,1,1,1,4,4,3,4,2,4,4,4,4,4,4,4,4,4,4,2,4,5,4,4,4,4,4,4,1,1,4,NA,NA
SEP_7_0313,2171FA22,fall-2022,2022-10-25,2022,2022-2023,fall,48,2022-09-07,7,3,3,114,94,A,A,B,C,D,A,C,D,B,D,A,B,D,D,A,B,1,1,1,1,1,5,5,5,5,1,5,5,5,5,5,5,5,5,3,3,3,3,5,5,5,3,3,3,3,3,3,3,NA,NA
SEP_7_0314,2172FA22,fall-2022,2022-10-26,2022,2022-2023,fall,49,2022-09-07,7,5,6,108,130,A,D,B,A,D,C,A,A,B,C,D,D,A,D,D,D,2,2,3,2,1,2,4,4,4,2,4,4,4,4,4,3,4,4,3,4,2,4,5,4,4,4,4,4,4,2,4,3,NA,NA
SEP_7_0315,2194FA22,fall-2022,2022-10-25,2022,2022-2023,fall,48,2022-09-07,7,6,5,116,105,A,D,B,C,D,B,A,A,B,C,C,D,D,D,C,C,2,3,3,2,3,4,3,4,4,2,4,4,5,5,5,5,5,4,4,4,2,4,4,3,3,5,4,4,4,2,4,2,NA,NA
SEP_7_0316,2236FA22,fall-2022,2022-10-25,2022,2022-2023,fall,48,2022-09-07,7,2,2,118,105,A,C,A,C,B,D,A,C,C,B,D,A,C,D,A,B,2,1,2,2,3,4,4,2,5,1,4,4,5,5,4,5,5,5,5,5,2,5,3,4,4,5,4,4,4,3,3,4,NA,NA
SEP_7_0317,2246FA22,fall-2022,2022-10-25,2022,2022-2023,fall,48,2022-09-07,7,2,2,103,59,C,C,A,C,D,B,D,D,B,A,D,B,A,A,C,A,3,2,3,2,2,3,4,4,3,2,3,3,5,5,4,4,5,4,3,4,3,4,3,3,2,3,3,3,3,2,3,3,NA,NA
SEP_7_0318,2286FA22,fall-2022,2022-10-25,2022,2022-2023,fall,48,2022-09-07,7,3,2,120,110,A,A,A,A,A,A,A,A,A,C,D,B,C,B,A,A,3,3,1,1,3,5,5,5,5,1,5,5,3,3,3,3,3,3,3,3,3,3,5,5,5,3,5,5,5,5,5,5,NA,NA
SEP_7_0319,2312FA22,fall-2022,2022-10-25,2022,2022-2023,fall,48,2022-09-07,7,5,1,100,109,A,B,C,B,B,A,A,A,B,A,B,B,C,C,D,B,4,4,3,3,3,2,3,2,4,2,3,3,4,4,4,4,4,4,4,4,2,3,4,3,2,3,3,3,3,3,2,1,NA,NA
SEP_7_0320,2361FA22,fall-2022,2022-10-25,2022,2022-2023,fall,48,2022-09-07,7,3,3,98,87,D,C,B,B,D,C,C,D,C,B,C,B,D,D,A,B,3,4,4,3,4,2,3,2,3,3,3,3,3,4,4,4,4,5,5,2,3,2,2,3,2,3,3,2,4,2,2,2,NA,NA
SEP_7_0321,2403FA22,fall-2022,2022-10-25,2022,2022-2023,fall,48,2022-09-07,7,2,3,96,93,D,B,B,C,B,C,B,C,B,A,C,A,A,A,C,B,3,3,3,3,3,3,3,3,3,3,3,3,3,3,3,3,3,3,3,3,3,3,3,3,3,3,3,3,3,3,3,3,NA,NA
SEP_7_0322,2408FA22,fall-2022,2022-10-25,2022,2022-2023,fall,48,2022-09-07,7,4,4,88,97,C,C,B,B,A,B,A,D,B,C,D,D,D,D,B,B,2,1,2,2,3,3,3,3,4,2,3,3,4,5,4,2,2,3,2,3,3,3,4,3,2,2,2,3,3,2,3,2,NA,NA
SEP_7_0323,2419FA22,fall-2022,2022-10-25,2022,2022-2023,fall,48,2022-09-07,7,3,2,113,88,A,C,A,A,A,B,A,B,D,C,A,D,B,C,D,B,5,2,2,4,5,4,2,4,2,4,2,3,5,4,4,4,4,5,4,4,4,4,2,2,2,2,4,4,4,4,4,4,NA,NA
SEP_7_0324,2481FA22,fall-2022,2022-10-25,2022,2022-2023,fall,48,2022-09-07,7,5,5,88,106,D,B,A,B,D,B,A,D,B,C,D,D,A,C,A,A,2,3,2,2,4,3,4,3,4,2,4,4,4,1,3,4,3,4,4,1,5,1,4,1,1,1,3,3,1,5,1,1,NA,NA
SEP_7_0325,2559FA22,fall-2022,2022-10-25,2022,2022-2023,fall,48,2022-09-07,7,3,2,95,98,A,A,A,A,A,A,A,A,A,A,A,A,A,A,A,A,4,3,4,2,4,2,4,2,2,2,4,2,3,4,3,2,3,4,2,4,3,3,3,2,4,2,4,3,2,4,3,2,NA,NA
SEP_7_0326,2571FA22,fall-2022,2022-10-25,2022,2022-2023,fall,48,2022-09-07,7,3,1,96,116,A,A,A,C,A,B,A,B,A,C,D,B,C,B,D,A,3,3,3,3,3,3,3,3,3,3,3,3,3,3,3,3,3,3,3,3,3,3,3,3,3,3,3,3,3,3,3,3,NA,NA
SEP_7_0327,2624FA22,fall-2022,2022-10-25,2022,2022-2023,fall,48,2022-09-07,7,4,3,122,105,A,B,A,A,C,D,A,A,B,A,D,C,D,B,A,D,2,3,2,2,2,5,4,5,5,2,5,5,5,5,5,5,4,5,5,4,3,4,5,4,2,4,4,4,4,2,4,2,NA,NA
SEP_7_0328,2716FA22,fall-2022,2022-10-25,2022,2022-2023,fall,48,2022-09-07,7,5,5,92,83,A,B,B,C,D,C,A,D,C,C,C,B,A,D,C,D,5,4,4,4,4,2,1,2,2,3,2,2,4,4,5,2,4,3,4,2,2,2,2,2,2,1,3,4,2,4,3,2,NA,NA
SEP_7_0329,2793FA22,fall-2022,2022-10-25,2022,2022-2023,fall,48,2022-09-07,7,6,5,110,79,A,C,A,B,D,B,A,A,B,C,C,C,A,A,A,B,2,3,2,2,3,3,4,3,4,3,4,4,4,4,4,4,3,3,4,4,2,4,5,4,3,4,4,4,4,3,3,3,NA,NA
SEP_7_0330,2816FA22,fall-2022,2022-10-25,2022,2022-2023,fall,48,2022-09-07,7,6,5,92,100,C,B,B,C,D,B,A,A,B,C,C,B,B,D,A,C,4,3,4,3,2,2,2,2,3,4,3,3,4,5,4,3,3,4,2,3,3,3,4,3,1,3,2,1,2,3,2,2,NA,NA
SEP_7_0331,2847FA22,fall-2022,2022-10-25,2022,2022-2023,fall,48,2022-09-07,7,2,5,109,66,A,B,A,D,A,D,D,C,A,C,C,D,A,C,D,D,2,3,2,2,2,4,4,4,4,2,3,4,4,4,4,2,4,4,3,4,2,4,4,4,4,4,4,4,4,4,2,4,NA,NA
SEP_7_0332,2848FA22,fall-2022,2022-10-25,2022,2022-2023,fall,48,2022-09-07,7,4,3,83,104,A,B,B,C,D,A,B,D,B,A,C,C,C,D,C,C,5,4,5,5,5,1,1,2,2,5,1,2,2,3,4,3,4,3,2,1,5,2,1,1,1,2,2,2,1,4,1,1,NA,NA
SEP_7_0333,2849FA22,fall-2022,2022-10-25,2022,2022-2023,fall,48,2022-09-07,7,7,5,106,85,A,B,B,A,D,B,A,A,B,C,B,A,A,D,C,D,2,1,2,2,1,4,3,4,3,2,4,4,5,4,5,4,4,5,4,4,2,4,5,4,2,4,3,4,4,1,4,2,NA,NA
SEP_7_0334,2894FA22,fall-2022,2022-10-25,2022,2022-2023,fall,48,2022-09-07,7,6,7,110,129,A,B,B,A,A,B,A,A,C,C,C,D,A,D,A,D,2,2,2,2,1,4,4,4,5,2,4,3,4,4,4,4,4,5,1,5,1,2,5,5,5,5,2,5,5,1,4,4,NA,NA
SEP_7_0335,2925FA22,fall-2022,2022-10-25,2022,2022-2023,fall,48,2022-09-07,7,2,5,99,79,A,C,A,A,A,C,A,D,C,C,D,D,A,D,A,A,2,1,2,2,2,4,4,3,4,2,3,4,4,3,4,4,3,4,4,4,3,3,4,3,2,4,4,3,4,2,2,2,NA,NA
SEP_7_0336,2940FA22,fall-2022,2022-10-25,2022,2022-2023,fall,48,2022-09-07,7,5,7,101,82,A,B,B,C,D,C,A,D,B,C,C,D,A,D,A,B,5,4,4,4,5,2,2,3,4,3,3,2,4,4,4,4,4,4,4,1,5,3,1,2,1,2,3,3,4,5,1,1,NA,NA
SEP_7_0337,2944FA22,fall-2022,2022-10-25,2022,2022-2023,fall,48,2022-09-07,7,6,4,85,73,A,C,B,C,D,B,A,A,D,B,C,C,A,D,C,D,4,4,4,4,4,2,1,1,1,4,2,2,4,2,4,4,4,4,4,3,2,2,3,1,2,2,2,2,1,4,1,1,NA,NA
SEP_7_0338,2962FA22,fall-2022,2022-10-25,2022,2022-2023,fall,48,2022-09-07,7,6,3,98,127,D,B,B,C,D,B,A,A,B,C,D,B,B,B,A,B,1,1,1,1,1,4,5,5,5,1,5,5,2,3,4,2,2,2,2,4,2,4,5,4,2,4,3,4,5,3,3,3,NA,NA
SEP_7_0339,2983FA22,fall-2022,2022-10-25,2022,2022-2023,fall,48,2022-09-07,7,4,6,104,115,C,C,C,B,D,C,A,A,B,C,C,C,A,D,C,D,2,3,2,2,2,4,4,4,4,3,3,4,4,4,4,2,4,2,2,4,2,4,5,3,3,3,3,3,4,4,4,3,NA,NA
SEP_7_0340,3085FA22,fall-2022,2022-10-26,2022,2022-2023,fall,49,2022-09-07,7,2,2,119,87,D,D,A,B,C,B,C,D,C,C,B,A,A,C,C,A,1,1,1,1,1,5,5,4,5,2,4,5,4,5,5,3,3,5,2,5,1,5,5,5,4,5,5,5,5,2,5,5,NA,NA
SEP_7_0341,3191FA22,fall-2022,2022-10-25,2022,2022-2023,fall,48,2022-09-07,7,5,4,92,96,B,D,A,B,D,B,A,A,B,C,C,C,D,D,C,B,4,4,2,2,2,4,4,4,4,2,2,4,4,4,5,2,2,2,2,4,2,4,1,2,1,2,2,4,4,4,2,1,NA,NA
SEP_7_0342,3313FA22,fall-2022,2022-10-26,2022,2022-2023,fall,49,2022-09-07,7,1,1,106,101,C,C,A,A,A,D,A,B,C,B,D,B,C,C,C,D,5,4,4,4,5,3,2,4,4,3,3,3,5,5,4,4,4,4,2,2,4,2,2,2,2,2,4,4,1,5,2,2,NA,NA
SEP_7_0343,3335FA22,fall-2022,2022-10-26,2022,2022-2023,fall,49,2022-09-07,7,5,8,126,127,C,B,C,B,D,B,A,D,B,C,C,D,A,D,A,D,1,1,1,1,1,5,5,5,5,1,5,5,5,5,5,5,5,4,4,5,1,5,5,5,5,5,5,5,5,1,5,5,NA,NA
SEP_7_0344,3339FA22,fall-2022,2022-10-26,2022,2022-2023,fall,49,2022-09-07,7,6,4,112,88,C,B,B,C,D,B,A,A,B,C,B,D,A,B,C,C,5,5,5,4,5,2,1,1,3,4,2,2,5,5,5,5,5,5,4,4,2,4,4,2,2,4,2,4,4,2,2,3,NA,NA
SEP_7_0345,3354FA22,fall-2022,2022-10-26,2022,2022-2023,fall,49,2022-09-07,7,0,2,111,115,D,C,A,C,B,D,B,C,B,A,C,B,D,A,D,C,2,1,2,1,2,4,4,4,4,2,4,4,5,4,5,5,4,5,4,4,2,4,4,4,3,3,4,4,3,3,4,3,NA,NA
SEP_7_0346,3383FA22,fall-2022,2022-10-26,2022,2022-2023,fall,49,2022-09-07,7,3,1,95,56,A,C,B,C,D,C,D,D,D,B,B,D,C,C,C,C,4,4,4,4,2,2,1,2,4,2,4,2,5,5,5,4,2,5,3,2,2,4,3,4,1,3,1,1,3,2,3,2,NA,NA
SEP_7_0347,3409FA22,fall-2022,2022-10-26,2022,2022-2023,fall,49,2022-09-07,7,3,3,97,86,A,C,B,A,B,B,D,D,B,B,A,B,A,B,A,B,2,2,2,2,3,3,4,3,4,2,4,3,3,3,4,4,4,3,3,4,3,3,4,3,2,3,3,3,4,2,2,3,NA,NA
SEP_7_0348,3422FA22,fall-2022,2022-10-26,2022,2022-2023,fall,49,2022-09-07,7,8,6,113,120,A,B,B,B,D,B,A,A,B,C,C,C,D,D,A,D,1,1,1,1,1,5,4,5,5,1,5,4,5,5,5,5,4,5,4,5,2,4,5,4,4,3,4,4,4,1,3,3,NA,NA
SEP_7_0349,3445FA22,fall-2022,2022-10-26,2022,2022-2023,fall,49,2022-09-07,7,1,2,103,93,B,D,A,C,D,C,D,D,B,B,C,C,C,A,C,C,2,2,1,1,2,4,3,3,4,2,3,3,5,5,5,5,3,5,5,4,2,3,1,4,1,4,3,3,4,4,3,4,NA,NA
SEP_7_0350,3465FA22,fall-2022,2022-10-26,2022,2022-2023,fall,49,2022-09-07,7,2,5,96,62,D,C,B,C,D,A,C,C,B,C,D,D,A,A,A,C,3,3,3,3,4,2,2,2,3,3,2,2,4,5,5,4,3,5,3,3,3,3,2,2,2,3,4,3,3,3,2,2,NA,NA
SEP_7_0351,3477FA22,fall-2022,2022-11-07,2022,2022-2023,fall,61,2022-09-07,7,3,5,91,68,D,A,C,B,C,B,A,B,A,B,C,D,A,D,A,B,5,5,5,5,4,2,1,1,1,4,3,2,4,4,4,2,2,4,1,4,4,1,4,2,2,4,2,2,2,2,1,2,NA,NA
SEP_7_0352,3507FA22,fall-2022,2022-11-05,2022,2022-2023,fall,59,2022-09-07,7,1,5,87,96,C,C,B,C,B,C,D,D,D,C,C,D,A,D,D,C,5,5,4,5,4,2,2,3,2,2,1,2,4,4,5,2,3,4,2,1,5,3,1,1,1,2,2,1,2,4,2,1,NA,NA
SEP_7_0353,3509FA22,fall-2022,2022-10-26,2022,2022-2023,fall,49,2022-09-07,7,3,2,99,63,A,C,B,A,C,C,B,A,B,A,B,A,B,C,B,D,5,5,5,4,5,1,2,2,4,4,2,3,5,3,5,4,4,5,4,1,2,2,4,2,2,2,3,2,2,3,1,1,NA,NA
SEP_7_0354,3512FA22,fall-2022,2022-10-26,2022,2022-2023,fall,49,2022-09-07,7,2,3,97,82,D,C,A,A,A,B,A,C,C,C,C,C,A,C,D,B,2,2,2,2,2,4,2,4,4,2,4,2,4,4,4,4,2,5,4,4,2,4,4,2,2,2,4,4,4,2,2,2,NA,NA
SEP_7_0355,3588FA22,fall-2022,2022-10-26,2022,2022-2023,fall,49,2022-09-07,7,5,3,94,65,A,C,B,A,D,A,A,A,C,B,C,B,A,C,A,B,2,4,1,2,2,4,5,2,4,2,2,2,4,4,4,2,4,2,4,5,2,4,4,2,4,4,2,1,2,4,2,2,NA,NA
SEP_7_0356,3596FA22,fall-2022,2022-10-26,2022,2022-2023,fall,49,2022-09-07,7,4,5,100,63,A,D,B,C,D,A,A,D,B,C,C,B,A,A,C,D,1,1,1,1,1,4,5,4,4,1,4,4,4,4,4,3,3,4,3,4,2,4,4,4,3,4,4,4,4,1,3,3,NA,NA
SEP_7_0357,3615FA22,fall-2022,2022-10-26,2022,2022-2023,fall,49,2022-09-07,7,3,2,86,76,D,C,B,C,D,C,D,A,C,C,D,C,D,C,B,D,4,4,2,4,5,2,3,2,2,4,2,4,2,5,4,2,4,1,2,2,5,2,1,2,4,1,1,4,2,2,1,1,NA,NA
SEP_7_0358,3623FA22,fall-2022,2022-10-26,2022,2022-2023,fall,49,2022-09-07,7,4,2,83,103,C,D,B,B,D,B,D,B,C,C,A,B,C,A,B,D,4,4,3,4,5,2,2,2,2,4,2,3,2,2,3,3,2,2,2,2,4,2,2,2,2,2,2,2,2,4,2,2,NA,NA
SEP_7_0359,3649FA22,fall-2022,2022-10-27,2022,2022-2023,fall,50,2022-09-07,7,1,2,92,65,C,C,A,D,A,A,D,A,B,B,B,B,A,A,B,C,3,2,2,4,4,3,2,3,3,3,3,3,4,4,4,4,3,4,3,2,3,3,2,2,2,2,2,2,3,3,2,3,NA,NA
SEP_7_0360,3661FA22,fall-2022,2022-10-26,2022,2022-2023,fall,49,2022-09-07,7,2,0,95,64,B,A,B,C,B,B,B,B,C,B,B,B,B,B,B,B,5,4,4,4,4,1,1,1,2,3,3,3,3,3,3,3,3,3,3,3,3,3,3,3,3,3,3,3,3,3,3,3,NA,NA
SEP_7_0361,3718FA22,fall-2022,2022-10-26,2022,2022-2023,fall,49,2022-09-07,7,8,3,91,115,A,B,B,B,D,B,A,A,C,A,C,D,A,C,D,B,1,2,2,1,1,4,4,2,4,2,4,4,2,2,2,2,2,4,3,3,2,4,5,3,2,4,4,4,4,4,2,2,NA,NA
SEP_7_0362,3825FA22,fall-2022,2022-10-26,2022,2022-2023,fall,49,2022-09-07,7,2,1,79,78,A,C,A,C,C,C,C,A,B,B,B,B,C,C,B,C,5,4,3,4,4,2,1,2,2,4,2,3,2,4,1,1,2,3,2,2,5,2,1,1,1,1,2,2,2,5,2,2,NA,NA
SEP_7_0363,3853FA22,fall-2022,2022-10-26,2022,2022-2023,fall,49,2022-09-07,7,2,2,76,91,C,B,A,C,A,A,A,D,D,C,D,B,D,D,C,B,4,4,5,2,4,1,1,2,3,3,1,2,2,4,3,3,3,3,3,2,3,2,1,2,1,1,2,1,1,4,2,1,NA,NA
SEP_7_0364,3865FA22,fall-2022,2022-10-26,2022,2022-2023,fall,49,2022-09-07,7,7,3,70,108,A,B,B,B,D,B,A,D,B,A,D,D,C,C,C,D,4,2,2,2,2,3,3,3,3,4,2,2,1,2,1,1,1,2,1,1,5,1,5,1,1,1,2,3,3,4,1,1,NA,NA
SEP_7_0365,3961FA22,fall-2022,2022-10-26,2022,2022-2023,fall,49,2022-09-07,7,6,4,98,108,A,B,B,B,D,B,D,B,B,A,D,D,A,D,C,A,4,2,2,4,3,2,3,4,3,3,3,3,5,3,3,3,4,2,4,4,2,4,4,3,2,4,4,2,2,2,2,3,NA,NA
SEP_7_0366,3984FA22,fall-2022,2022-10-26,2022,2022-2023,fall,49,2022-09-07,7,2,2,96,99,D,C,B,C,D,C,D,D,B,B,B,B,B,B,A,C,4,2,4,4,4,2,2,3,2,2,3,3,4,4,4,4,4,4,3,3,3,4,1,3,2,3,3,2,3,3,2,2,NA,NA
SEP_7_0367,3992FA22,fall-2022,2022-10-28,2022,2022-2023,fall,51,2022-09-07,7,6,5,97,104,A,B,B,B,D,C,B,A,D,C,C,D,D,D,C,D,2,2,1,1,2,2,4,4,4,2,4,4,4,3,5,2,4,4,4,4,2,4,4,4,1,2,4,4,4,2,2,2,NA,NA
SEP_7_0368,4053FA22,fall-2022,2022-10-27,2022,2022-2023,fall,50,2022-09-07,7,2,6,109,101,A,C,A,C,B,C,A,B,D,C,C,C,A,D,A,D,2,2,1,1,2,4,4,4,5,1,5,4,4,4,5,4,4,5,3,4,2,4,5,4,2,4,4,4,4,2,4,2,NA,NA
SEP_7_0369,4082FA22,fall-2022,2022-10-26,2022,2022-2023,fall,49,2022-09-07,7,3,2,118,79,C,C,A,C,D,B,A,C,A,D,C,D,B,B,C,C,2,2,4,3,2,3,4,4,4,2,4,4,5,5,5,5,5,4,2,5,1,5,5,4,4,4,5,4,3,3,4,2,NA,NA
SEP_7_0370,4141FA22,fall-2022,2022-10-26,2022,2022-2023,fall,49,2022-09-07,7,6,5,101,116,D,B,A,B,D,B,A,A,B,A,C,D,C,D,D,D,1,1,1,1,1,4,3,3,4,2,3,3,4,5,4,3,3,3,4,4,1,4,4,4,4,4,5,5,5,1,5,2,NA,NA
SEP_7_0371,4223FA22,fall-2022,2022-10-26,2022,2022-2023,fall,49,2022-09-07,7,1,3,107,66,D,C,A,D,A,D,A,D,B,C,C,B,C,A,C,C,3,3,4,1,1,4,3,2,3,2,2,3,5,5,5,5,5,5,5,4,2,3,3,4,2,4,2,4,4,2,3,4,NA,NA
SEP_7_0372,4308FA22,fall-2022,2022-10-27,2022,2022-2023,fall,50,2022-09-07,7,5,2,88,83,A,D,A,B,D,B,A,D,D,A,D,B,A,B,A,B,5,4,4,4,2,2,1,2,2,3,3,2,4,4,4,3,2,4,3,2,3,4,2,2,1,1,3,2,3,4,2,1,NA,NA
SEP_7_0373,4316FA22,fall-2022,2022-10-27,2022,2022-2023,fall,50,2022-09-07,7,3,2,111,84,B,B,D,B,C,B,C,B,C,C,C,A,C,C,C,B,4,2,4,2,2,4,4,4,4,2,4,4,4,4,4,4,3,4,3,3,4,4,4,4,4,4,4,4,4,2,2,2,NA,NA
SEP_7_0374,4335FA22,fall-2022,2022-10-27,2022,2022-2023,fall,50,2022-09-07,7,5,0,87,79,C,C,B,B,D,B,A,D,C,A,B,B,C,B,B,B,5,4,5,5,4,2,1,1,3,4,2,2,2,4,4,4,2,4,4,2,4,2,2,2,2,2,2,2,1,2,1,1,NA,NA
SEP_7_0375,4366FA22,fall-2022,2022-10-27,2022,2022-2023,fall,50,2022-09-07,7,1,3,90,123,C,D,A,A,D,C,D,C,B,C,B,D,C,A,B,A,4,4,4,4,4,2,2,2,2,4,2,2,2,2,4,2,2,4,4,4,4,2,4,2,2,2,2,1,4,5,1,1,NA,NA
SEP_7_0376,4395FA22,fall-2022,2022-10-27,2022,2022-2023,fall,50,2022-09-07,7,2,4,94,77,C,C,B,C,D,C,D,C,B,C,C,C,A,A,B,A,4,3,4,3,4,2,2,2,2,3,3,2,3,3,4,3,3,3,3,3,4,3,2,3,3,3,3,2,3,3,3,3,NA,NA
SEP_7_0377,4411FA22,fall-2022,2022-10-27,2022,2022-2023,fall,50,2022-09-07,7,3,0,120,79,B,D,B,C,D,B,C,C,C,B,D,A,B,B,C,A,2,4,2,2,2,4,4,4,4,1,5,5,4,4,4,4,5,4,5,4,4,4,5,2,5,5,4,4,4,2,4,4,NA,NA
SEP_7_0378,4434FA22,fall-2022,2022-10-27,2022,2022-2023,fall,50,2022-09-07,7,2,3,114,120,A,C,A,C,C,A,A,B,B,C,C,A,B,A,C,A,2,3,2,3,2,4,4,4,3,3,3,4,4,5,4,5,4,4,4,4,4,4,5,4,3,4,4,3,4,3,2,3,NA,NA
SEP_7_0379,4464FA22,fall-2022,2022-10-27,2022,2022-2023,fall,50,2022-09-07,7,5,4,105,99,A,B,B,C,A,D,A,A,C,C,B,C,A,D,A,B,5,4,2,3,4,4,3,4,2,4,2,2,4,5,5,5,5,5,4,2,2,2,2,2,2,4,3,4,4,2,2,2,NA,NA
SEP_7_0380,4610FA22,fall-2022,2022-10-27,2022,2022-2023,fall,50,2022-09-07,7,2,4,122,112,D,D,B,A,D,C,C,D,B,A,D,D,D,D,C,D,2,2,2,3,2,5,5,4,5,2,4,4,5,4,4,4,5,5,5,5,2,5,5,4,4,4,5,5,4,3,2,2,NA,NA
SEP_7_0381,4614FA22,fall-2022,2022-10-27,2022,2022-2023,fall,50,2022-09-07,7,7,7,116,120,A,B,B,B,D,B,A,D,B,C,C,D,A,D,C,D,1,2,1,1,1,4,4,4,4,2,4,4,5,5,5,5,5,5,5,5,2,4,5,5,2,4,4,5,4,1,5,3,NA,NA
SEP_7_0382,4619FA22,fall-2022,2022-10-27,2022,2022-2023,fall,50,2022-09-07,7,7,7,115,114,A,B,B,B,D,A,A,A,B,C,C,D,A,D,A,C,1,1,1,1,1,5,5,5,5,1,4,5,5,3,5,3,5,5,3,5,2,5,5,5,5,5,3,5,5,3,1,2,NA,NA
SEP_7_0383,4653FA22,fall-2022,2022-10-27,2022,2022-2023,fall,50,2022-09-07,7,3,4,97,87,D,D,A,C,D,B,B,A,B,C,C,B,A,C,D,B,2,2,2,1,2,4,5,3,5,2,4,4,3,4,3,2,2,1,2,5,2,4,4,5,4,2,3,2,4,1,4,4,NA,NA
SEP_7_0384,4830FA22,fall-2022,2022-10-27,2022,2022-2023,fall,50,2022-09-07,7,4,5,77,86,A,A,A,B,D,C,A,C,B,C,D,D,A,D,D,B,5,5,5,5,5,1,1,2,4,5,2,1,3,4,3,1,1,1,1,1,5,1,1,1,1,1,1,1,2,5,1,1,NA,NA
SEP_7_0385,4855FA22,fall-2022,2022-10-27,2022,2022-2023,fall,50,2022-09-07,7,2,2,86,112,A,C,A,C,A,B,B,D,B,C,D,C,B,B,C,B,4,3,4,2,4,2,2,4,3,2,2,4,2,2,4,4,2,2,2,2,4,2,2,2,2,2,2,2,4,4,2,2,NA,NA
SEP_7_0386,4857FA22,fall-2022,2022-10-27,2022,2022-2023,fall,50,2022-09-07,7,6,4,101,89,A,B,B,B,D,C,C,A,B,C,D,D,C,B,A,B,5,4,4,4,4,2,1,3,4,4,3,3,5,4,4,4,4,5,4,2,4,2,2,2,1,3,2,2,3,3,2,2,NA,NA
SEP_7_0387,4902FA22,fall-2022,2022-10-28,2022,2022-2023,fall,51,2022-09-07,7,4,4,118,64,D,B,A,B,D,C,A,C,B,C,B,D,A,B,C,A,3,1,2,2,2,4,4,4,4,1,4,5,4,4,5,5,5,5,4,5,1,4,5,5,4,5,4,3,5,2,3,4,NA,NA
SEP_7_0388,4963FA22,fall-2022,2022-10-28,2022,2022-2023,fall,51,2022-09-07,7,2,2,97,71,D,D,A,C,D,B,C,D,B,B,A,B,C,C,A,C,2,2,3,2,2,3,3,4,3,2,3,4,4,4,4,3,2,4,4,4,2,4,4,4,2,3,3,3,2,4,2,2,NA,NA
SEP_7_0389,4969FA22,fall-2022,2022-10-28,2022,2022-2023,fall,51,2022-09-07,7,3,3,107,117,A,C,A,A,D,D,A,D,B,C,D,B,D,D,D,B,3,3,3,3,2,3,3,3,4,3,3,3,4,4,5,4,4,4,4,4,2,3,4,3,2,3,4,4,4,4,2,3,NA,NA
SEP_7_0390,5030FA22,fall-2022,2022-10-28,2022,2022-2023,fall,51,2022-09-07,7,4,4,103,99,A,C,C,C,D,B,A,B,B,C,D,B,A,D,C,C,4,4,4,3,3,2,2,3,2,3,1,2,5,4,4,5,5,5,4,5,2,3,5,3,2,3,3,2,2,4,2,2,NA,NA
SEP_7_0391,5062FA22,fall-2022,2022-11-05,2022,2022-2023,fall,59,2022-09-07,7,0,3,98,132,C,C,C,C,B,D,B,D,B,A,D,C,B,D,A,C,4,4,4,5,4,2,2,2,4,4,2,4,4,4,4,4,2,4,2,4,4,2,1,1,1,2,4,4,2,4,2,2,NA,NA
SEP_7_0392,5092FA22,fall-2022,2022-10-28,2022,2022-2023,fall,51,2022-09-07,7,1,1,110,104,B,D,C,B,C,C,B,C,A,D,A,D,B,B,C,B,4,3,3,3,3,4,4,4,4,4,4,4,4,4,4,4,4,2,2,4,4,4,4,2,2,2,4,4,4,2,4,2,NA,NA
SEP_7_0393,5124FA22,fall-2022,2022-10-28,2022,2022-2023,fall,51,2022-09-07,7,4,6,92,92,C,C,B,B,D,A,A,D,B,C,C,D,A,D,B,B,5,5,5,5,5,2,2,1,3,3,2,2,4,5,4,4,3,4,3,1,4,2,1,1,1,1,1,1,3,4,2,3,NA,NA
SEP_7_0394,5161FA22,fall-2022,2022-10-28,2022,2022-2023,fall,51,2022-09-07,7,4,5,105,109,D,D,B,B,D,C,A,D,B,B,B,D,A,B,A,D,3,2,3,2,3,4,4,4,5,2,4,4,4,3,3,4,3,4,3,3,3,4,5,3,1,2,4,4,5,3,2,2,NA,NA
SEP_7_0395,5190FA22,fall-2022,2022-10-28,2022,2022-2023,fall,51,2022-09-07,7,8,7,131,149,A,B,B,B,D,B,A,A,B,C,C,D,A,D,A,B,4,1,1,1,1,5,5,5,5,1,5,5,5,5,5,5,5,5,5,5,1,5,5,5,5,5,5,5,5,1,5,5,NA,NA
SEP_7_0396,5193FA22,fall-2022,2022-10-28,2022,2022-2023,fall,51,2022-09-07,7,8,1,104,86,A,B,B,B,D,B,A,A,A,D,B,B,C,D,B,A,4,4,4,2,4,2,1,2,5,3,3,3,5,5,5,4,4,4,4,2,4,3,3,2,2,3,1,1,4,2,5,4,NA,NA
SEP_7_0397,5259FA22,fall-2022,2022-10-28,2022,2022-2023,fall,51,2022-09-07,7,3,4,103,74,A,C,A,B,B,C,A,D,C,C,D,B,A,D,A,A,2,1,1,1,1,4,4,4,4,2,3,4,4,5,5,4,5,5,4,4,2,3,4,3,2,3,4,4,4,2,2,3,NA,NA
SEP_7_0398,5305FA22,fall-2022,2022-10-29,2022,2022-2023,fall,52,2022-09-07,7,2,2,112,80,C,D,D,C,D,C,A,D,B,A,A,C,C,B,A,B,2,2,2,2,2,4,4,4,4,2,4,4,4,4,4,4,4,4,4,4,4,4,4,4,2,4,4,4,4,2,4,4,NA,NA
SEP_7_0399,5318FA22,fall-2022,2022-10-29,2022,2022-2023,fall,52,2022-09-07,7,2,4,111,75,A,C,A,C,B,B,B,D,C,C,D,D,B,D,A,C,1,1,1,1,1,4,2,4,4,1,4,4,5,4,5,5,5,5,5,5,2,4,5,4,4,4,4,4,4,2,5,2,NA,NA
SEP_7_0400,5343FA22,fall-2022,2022-10-29,2022,2022-2023,fall,52,2022-09-07,7,1,3,74,59,C,D,A,A,A,C,A,D,D,C,B,D,C,A,C,D,4,4,2,2,4,2,2,2,3,4,2,2,2,2,2,2,3,1,2,1,4,2,2,2,1,2,2,2,1,5,2,1,NA,NA
SEP_7_0401,5360FA22,fall-2022,2022-10-29,2022,2022-2023,fall,52,2022-09-07,7,2,6,88,91,A,C,A,C,A,C,A,D,B,C,D,D,A,D,D,D,4,2,5,4,4,2,1,2,3,3,2,3,4,5,5,2,4,2,2,2,4,3,4,2,1,2,1,1,1,2,4,2,NA,NA
SEP_7_0402,5366FA22,fall-2022,2022-10-29,2022,2022-2023,fall,52,2022-09-07,7,1,5,125,93,C,C,A,C,D,C,D,B,C,B,C,D,A,D,A,B,1,1,1,1,1,5,5,4,4,3,3,4,5,5,5,5,5,5,5,5,1,5,5,5,5,5,5,5,5,1,5,5,NA,NA
SEP_7_0403,5384FA22,fall-2022,2022-10-29,2022,2022-2023,fall,52,2022-09-07,7,5,3,101,87,A,C,B,B,D,C,A,C,C,A,C,D,A,B,C,B,4,2,2,4,4,4,2,4,4,2,4,4,4,4,4,4,4,2,4,2,4,4,2,1,1,2,4,4,4,4,2,1,NA,NA
SEP_7_0404,5406FA22,fall-2022,2022-10-29,2022,2022-2023,fall,52,2022-09-07,7,2,2,99,86,C,C,A,C,D,C,A,D,B,C,D,B,C,B,D,B,3,2,2,1,2,4,3,3,2,2,2,3,5,5,4,5,5,5,5,3,3,3,1,2,3,2,3,3,4,1,4,4,NA,NA
SEP_7_0405,5415FA22,fall-2022,2022-10-31,2022,2022-2023,fall,54,2022-09-07,7,1,3,48,58,D,B,A,A,A,C,B,C,A,C,C,A,C,B,A,C,1,1,1,1,1,1,1,1,2,2,1,1,1,2,2,1,1,3,2,1,5,1,3,1,1,1,1,2,2,1,1,2,NA,NA
SEP_7_0406,5475FA22,fall-2022,2022-10-29,2022,2022-2023,fall,52,2022-09-07,7,3,6,103,110,A,A,A,B,B,D,A,B,B,C,C,D,A,C,A,A,2,2,1,2,1,4,3,4,4,2,3,3,4,4,4,3,4,4,5,4,2,5,5,4,3,4,3,4,4,2,2,2,NA,NA
SEP_7_0407,5484FA22,fall-2022,2022-10-30,2022,2022-2023,fall,53,2022-09-07,7,0,0,79,75,D,C,A,C,B,C,C,D,C,D,D,C,C,B,D,B,5,4,5,2,4,1,1,1,1,5,1,1,2,4,4,2,2,4,4,1,4,2,2,1,1,1,2,2,1,4,4,1,NA,NA
SEP_7_0408,5486FA22,fall-2022,2022-10-30,2022,2022-2023,fall,53,2022-09-07,7,2,2,89,65,D,C,A,A,A,B,A,D,B,A,B,B,A,A,C,B,5,4,3,3,4,2,4,2,3,3,2,2,4,4,4,4,3,2,3,1,5,2,1,1,1,2,4,3,3,2,1,2,NA,NA
SEP_7_0409,5586FA22,fall-2022,2022-10-30,2022,2022-2023,fall,53,2022-09-07,7,2,5,106,96,C,A,B,C,A,B,B,B,B,C,D,D,A,D,C,C,2,2,2,2,2,3,4,4,3,2,3,3,5,4,5,4,4,5,5,4,2,4,4,3,2,3,4,4,4,4,2,2,NA,NA
SEP_7_0410,5661FA22,fall-2022,2022-10-30,2022,2022-2023,fall,53,2022-09-07,7,2,1,98,95,A,B,C,A,B,D,C,B,B,A,D,B,D,C,D,B,2,1,1,1,2,1,4,4,5,2,3,4,5,5,5,5,4,5,4,3,3,2,2,3,1,4,3,3,4,2,2,3,NA,NA
SEP_7_0411,5670FA22,fall-2022,2022-10-30,2022,2022-2023,fall,53,2022-09-07,7,2,1,101,64,A,C,C,C,D,C,B,C,D,C,B,C,C,C,C,C,5,5,5,5,4,2,1,3,2,4,2,2,4,3,4,4,4,4,4,2,4,2,4,2,1,4,2,2,3,3,3,2,NA,NA
SEP_7_0412,5706FA22,fall-2022,2022-10-30,2022,2022-2023,fall,53,2022-09-07,7,3,1,98,95,D,B,C,C,D,A,A,C,B,A,D,C,D,C,C,A,2,2,2,4,2,2,4,4,2,2,4,2,4,3,4,4,4,2,2,4,4,2,5,3,4,4,2,4,2,3,2,4,NA,NA
SEP_7_0413,5735FA22,fall-2022,2022-10-30,2022,2022-2023,fall,53,2022-09-07,7,5,1,109,80,A,C,A,C,D,B,A,A,C,A,C,A,B,A,B,C,4,2,2,2,2,4,4,4,4,2,4,4,4,3,4,3,4,4,3,4,2,4,5,3,3,4,4,4,4,2,4,3,NA,NA
SEP_7_0414,5793FA22,fall-2022,2022-10-30,2022,2022-2023,fall,53,2022-09-07,7,3,2,93,84,A,C,B,A,B,B,B,B,C,A,A,A,A,A,A,A,4,3,4,3,3,2,2,3,2,3,3,3,3,5,3,4,3,3,3,3,3,2,4,2,2,3,3,3,2,4,1,2,NA,NA
SEP_7_0415,5869FA22,fall-2022,2022-10-31,2022,2022-2023,fall,54,2022-09-07,7,1,3,87,71,C,C,C,A,C,B,C,B,C,C,A,D,B,B,B,D,4,3,2,2,4,2,2,2,2,4,3,2,3,5,4,4,3,2,4,3,4,2,2,2,2,2,2,3,2,4,1,1,NA,NA
SEP_7_0416,5899FA22,fall-2022,2022-10-31,2022,2022-2023,fall,54,2022-09-07,7,5,5,126,106,D,A,B,B,D,B,C,A,B,C,C,C,A,D,C,B,2,3,2,2,1,3,4,4,5,2,4,4,5,5,5,5,5,5,5,5,2,4,5,4,5,4,4,4,5,5,4,4,NA,NA
SEP_7_0417,5934FA22,fall-2022,2022-10-31,2022,2022-2023,fall,54,2022-09-07,7,8,8,94,97,A,B,B,B,D,B,A,A,B,C,C,D,A,D,A,D,4,2,2,1,2,3,4,4,4,2,2,3,4,3,4,4,3,3,4,2,3,3,5,2,2,2,4,4,1,3,3,2,NA,NA
SEP_7_0418,5988FA22,fall-2022,2022-11-03,2022,2022-2023,fall,57,2022-09-07,7,2,3,91,73,C,C,A,B,A,D,A,D,B,B,D,C,A,C,A,C,4,4,4,4,4,2,1,2,1,5,2,2,1,3,4,4,3,4,4,2,5,2,2,1,1,2,4,4,2,4,2,2,NA,NA
SEP_7_0419,5998FA22,fall-2022,2022-10-31,2022,2022-2023,fall,54,2022-09-07,7,4,2,83,50,C,C,B,C,D,A,A,A,B,B,B,B,C,B,A,B,2,3,4,2,2,2,3,3,3,3,2,3,2,2,4,1,2,2,2,3,2,3,4,3,3,3,3,3,3,4,1,1,NA,NA
SEP_7_0420,6118FA22,fall-2022,2022-10-31,2022,2022-2023,fall,54,2022-09-07,7,3,3,111,96,D,D,B,C,C,B,B,A,B,C,D,B,A,C,B,C,4,4,4,5,5,2,4,3,5,4,4,3,4,4,4,4,2,2,2,4,4,4,5,3,2,3,4,4,3,2,2,2,NA,NA
SEP_7_0421,6256FA22,fall-2022,2022-11-01,2022,2022-2023,fall,55,2022-09-07,7,4,5,115,88,C,C,A,B,D,B,A,D,B,D,C,D,A,D,C,A,1,1,1,1,1,5,5,5,5,1,5,5,4,3,4,4,4,4,4,5,2,4,5,5,5,4,4,5,5,2,3,3,NA,NA
SEP_7_0422,6257FA22,fall-2022,2022-11-01,2022,2022-2023,fall,55,2022-09-07,7,1,1,82,79,D,C,A,C,A,A,A,D,B,A,D,B,C,A,D,A,2,2,2,2,4,4,2,4,4,2,4,4,2,2,4,2,2,4,2,2,4,2,2,2,2,2,2,2,4,2,1,1,NA,NA
SEP_7_0423,6292FA22,fall-2022,2022-11-01,2022,2022-2023,fall,55,2022-09-07,7,5,6,103,90,A,B,B,C,D,C,A,D,B,D,C,D,A,D,A,C,4,2,3,2,3,4,2,4,4,2,4,3,4,5,4,4,3,4,4,3,4,4,5,3,2,2,2,2,4,3,2,2,NA,NA
SEP_7_0424,6344FA22,fall-2022,2022-11-02,2022,2022-2023,fall,56,2022-09-07,7,5,7,90,92,A,C,B,A,D,B,A,D,B,C,C,C,A,D,A,D,2,2,2,2,2,4,3,2,4,2,2,2,4,4,4,2,4,4,4,2,2,2,4,2,3,4,2,4,4,2,2,2,NA,NA
SEP_7_0425,6383FA22,fall-2022,2022-11-09,2022,2022-2023,fall,63,2022-09-07,7,1,1,77,74,C,C,B,A,B,D,B,D,C,A,D,B,C,A,A,B,3,2,2,4,4,5,2,2,4,1,2,2,2,1,3,2,3,3,1,1,4,4,2,1,1,1,2,4,2,5,1,1,NA,NA
SEP_7_0426,6407FA22,fall-2022,2022-11-03,2022,2022-2023,fall,57,2022-09-07,7,4,1,95,101,A,C,C,A,D,B,A,D,C,A,D,B,D,A,B,D,2,3,2,2,1,2,3,4,4,2,4,4,4,4,4,2,1,2,2,4,2,4,4,4,2,4,4,4,4,2,4,1,NA,NA
SEP_7_0427,6460FA22,fall-2022,2022-11-04,2022,2022-2023,fall,58,2022-09-07,7,1,2,109,85,D,A,A,B,C,A,C,B,C,A,B,D,A,B,C,A,4,4,2,3,5,2,4,4,4,2,1,5,1,4,4,4,2,3,3,4,5,4,5,4,4,2,4,4,2,4,4,2,NA,NA
SEP_7_0428,6469FA22,fall-2022,2022-11-04,2022,2022-2023,fall,58,2022-09-07,7,2,2,84,59,A,C,A,C,A,B,B,B,D,C,D,C,C,C,D,D,4,2,1,1,1,3,3,3,2,2,2,2,4,4,3,3,1,3,3,2,2,4,5,3,2,3,3,3,2,4,2,2,NA,NA
SEP_7_0429,6627FA22,fall-2022,2022-11-04,2022,2022-2023,fall,58,2022-09-07,7,0,1,96,58,C,C,D,C,C,D,B,D,B,A,D,B,C,A,B,C,2,3,4,4,4,2,3,3,3,3,3,3,4,4,4,3,2,4,3,2,3,3,2,3,3,3,3,3,2,3,3,2,NA,NA
SEP_7_0430,6653FA22,fall-2022,2022-11-04,2022,2022-2023,fall,58,2022-09-07,7,5,3,97,109,C,B,B,A,D,B,A,D,C,C,C,C,D,D,D,A,2,4,1,2,2,4,3,4,4,2,3,3,4,3,4,4,4,5,4,2,2,2,4,2,2,4,4,4,1,4,2,2,NA,NA
SEP_7_0431,6656FA22,fall-2022,2022-11-04,2022,2022-2023,fall,58,2022-09-07,7,1,0,84,80,D,C,B,C,A,A,D,D,C,B,B,C,C,C,B,C,3,1,2,2,2,4,4,4,4,2,3,4,2,3,4,2,1,2,4,2,5,2,3,1,1,1,3,3,3,4,2,1,NA,NA
SEP_7_0432,6658FA22,fall-2022,2022-11-04,2022,2022-2023,fall,58,2022-09-07,7,8,7,102,58,A,B,B,B,D,B,A,A,B,C,C,D,A,D,A,A,3,3,3,3,3,2,3,4,4,3,3,3,4,4,4,3,3,4,4,3,3,3,4,3,3,3,3,3,3,3,3,2,NA,NA
SEP_7_0433,6697FA22,fall-2022,2022-11-05,2022,2022-2023,fall,59,2022-09-07,7,0,4,99,93,D,C,A,A,B,C,D,B,C,C,D,B,A,D,B,D,2,2,2,2,2,3,2,3,3,2,2,2,5,4,4,4,5,5,5,5,2,3,2,2,3,4,4,4,3,4,2,2,NA,NA
SEP_7_0434,6755FA22,fall-2022,2022-11-05,2022,2022-2023,fall,59,2022-09-07,7,5,4,107,99,A,B,D,B,D,A,A,C,B,C,D,B,A,D,B,C,3,3,3,3,3,5,2,2,4,4,4,4,4,3,3,3,3,5,2,4,5,3,5,3,3,3,2,4,4,3,3,2,NA,NA
SEP_7_0435,6825FA22,fall-2022,2022-11-05,2022,2022-2023,fall,59,2022-09-07,7,1,5,74,87,D,C,A,A,B,C,A,B,B,A,C,D,A,D,C,B,5,5,5,5,5,1,1,1,1,5,2,1,2,4,2,2,1,4,1,1,5,1,1,1,1,1,1,1,1,5,1,1,NA,NA
SEP_7_0436,6867FA22,fall-2022,2022-11-07,2022,2022-2023,fall,61,2022-09-07,7,3,6,113,133,A,C,B,C,C,A,A,B,B,C,C,B,A,D,A,B,1,1,1,1,1,5,5,5,5,2,4,4,5,4,5,3,3,4,3,5,2,4,5,5,3,4,3,5,5,2,5,3,NA,NA
SEP_7_0437,6907FA22,fall-2022,2022-11-07,2022,2022-2023,fall,61,2022-09-07,7,7,3,96,69,A,B,B,B,D,B,A,D,C,C,B,C,D,D,C,D,2,2,2,2,4,4,4,4,4,2,4,4,4,4,4,4,4,2,4,2,4,2,2,2,2,2,2,4,2,4,2,2,NA,NA
SEP_7_0438,6960FA22,fall-2022,2022-11-07,2022,2022-2023,fall,61,2022-09-07,7,2,2,107,99,C,B,C,C,B,C,D,A,A,D,B,A,D,B,A,D,2,2,1,1,2,4,4,2,4,3,4,2,5,5,5,5,5,4,5,4,2,2,5,4,4,4,4,1,4,2,4,2,NA,NA
SEP_7_0439,6963FA22,fall-2022,2022-11-07,2022,2022-2023,fall,61,2022-09-07,7,3,4,109,96,A,C,A,C,D,D,A,D,D,C,D,B,A,D,A,C,2,2,2,2,2,3,3,4,4,2,4,4,4,4,4,4,4,4,4,4,2,4,5,4,3,4,4,4,4,2,4,3,NA,NA
SEP_7_0440,6973FA22,fall-2022,2022-11-07,2022,2022-2023,fall,61,2022-09-07,7,3,2,94,95,A,C,C,C,D,B,D,B,B,A,B,C,A,C,C,B,3,2,2,2,3,3,3,4,4,2,3,4,4,2,4,2,4,2,2,3,3,3,4,3,2,3,4,2,4,4,2,2,NA,NA
SEP_7_0441,6988FA22,fall-2022,2022-11-07,2022,2022-2023,fall,61,2022-09-07,7,1,4,91,100,C,C,A,C,C,A,A,B,B,C,D,D,A,A,C,B,5,5,5,4,5,2,1,2,1,4,1,3,2,4,4,4,3,5,5,2,3,2,1,2,1,3,3,2,1,4,1,1,NA,NA
SEP_7_0442,7003FA22,fall-2022,2022-11-07,2022,2022-2023,fall,61,2022-09-07,7,2,3,102,76,A,C,A,A,B,C,A,B,B,B,C,D,D,C,C,B,2,2,2,2,2,4,4,4,4,2,4,4,4,2,4,4,4,4,4,4,4,4,4,2,1,4,4,2,4,4,2,1,NA,NA
SEP_7_0443,7008FA22,fall-2022,2022-11-07,2022,2022-2023,fall,61,2022-09-07,7,3,2,95,80,A,C,C,D,B,B,A,D,B,B,D,B,C,D,C,C,4,3,3,3,4,3,2,3,4,3,3,3,3,4,3,4,3,4,4,2,4,2,1,2,1,3,3,3,3,3,2,3,NA,NA
SEP_7_0444,7020FA22,fall-2022,2022-11-11,2022,2022-2023,fall,65,2022-09-07,7,4,2,104,90,A,C,C,A,A,B,A,A,D,C,D,C,B,A,A,B,2,2,2,2,2,4,4,4,4,2,4,2,4,3,4,4,4,4,4,4,2,4,4,4,3,3,3,3,4,3,3,3,NA,NA
SEP_7_0445,7066FA22,fall-2022,2022-11-07,2022,2022-2023,fall,61,2022-09-07,7,5,2,95,95,C,A,B,B,D,B,A,D,B,B,D,B,D,D,D,B,3,4,4,3,3,2,2,3,3,3,2,2,3,3,4,4,3,4,4,2,4,3,4,2,2,2,3,1,4,3,4,2,NA,NA
SEP_7_0446,7075FA22,fall-2022,2022-11-07,2022,2022-2023,fall,61,2022-09-07,7,1,5,106,89,A,C,A,C,A,A,D,D,B,C,D,D,A,D,C,B,1,2,2,1,2,4,4,3,3,2,3,3,5,4,5,5,5,4,4,4,3,3,5,3,3,3,4,4,4,2,3,3,NA,NA
SEP_7_0447,7077FA22,fall-2022,2022-11-07,2022,2022-2023,fall,61,2022-09-07,7,0,4,101,92,D,C,C,C,A,D,D,C,B,C,C,C,A,C,C,B,4,4,4,2,3,3,2,3,4,3,2,3,4,3,4,3,3,4,3,3,3,3,4,3,3,3,3,3,3,3,3,3,NA,NA
SEP_7_0448,7115FA22,fall-2022,2022-11-07,2022,2022-2023,fall,61,2022-09-07,7,2,4,70,81,A,C,B,C,B,D,D,C,B,B,C,B,D,B,A,D,4,1,2,2,5,3,3,5,3,4,2,3,1,1,1,2,1,1,2,1,5,1,3,1,1,1,1,2,3,3,1,1,NA,NA
SEP_7_0449,7118FA22,fall-2022,2022-11-07,2022,2022-2023,fall,61,2022-09-07,7,4,1,97,90,A,B,C,B,A,B,B,C,A,B,C,A,B,A,B,C,4,3,3,3,3,3,3,3,3,3,3,3,3,3,3,3,3,3,3,3,3,3,3,3,3,3,3,3,3,3,3,3,NA,NA
SEP_7_0450,7185FA22,fall-2022,2022-11-07,2022,2022-2023,fall,61,2022-09-07,7,7,8,102,77,A,B,B,B,D,D,A,A,B,C,C,D,A,D,A,D,1,1,1,1,1,2,4,4,4,1,4,4,5,5,5,5,5,4,3,4,3,3,5,2,2,4,3,2,5,3,4,2,NA,NA
SEP_7_0451,7241FA22,fall-2022,2022-11-07,2022,2022-2023,fall,61,2022-09-07,7,5,6,94,81,A,B,A,C,D,B,A,B,D,C,C,C,A,D,A,D,4,2,3,3,2,2,3,3,4,2,4,4,4,4,4,4,3,4,3,2,2,4,2,2,1,2,2,4,5,2,3,1,NA,NA
SEP_7_0452,7429FA22,fall-2022,2022-11-08,2022,2022-2023,fall,62,2022-09-07,7,3,0,98,65,C,B,C,B,B,C,C,A,C,D,B,C,D,A,D,B,3,3,4,3,3,2,4,4,2,3,3,4,3,3,4,2,2,3,4,2,3,3,3,4,3,3,3,3,2,3,3,4,NA,NA
SEP_7_0453,7514FA22,fall-2022,2022-11-08,2022,2022-2023,fall,62,2022-09-07,7,3,3,110,91,D,B,A,B,A,B,C,B,B,C,D,B,A,A,D,A,2,2,2,3,4,2,4,4,3,3,3,3,3,3,3,3,3,4,2,4,5,5,5,5,5,5,5,5,2,2,2,4,NA,NA
SEP_7_0454,7522FA22,fall-2022,2022-11-08,2022,2022-2023,fall,62,2022-09-07,7,6,6,95,112,D,B,B,B,D,B,A,D,B,C,C,D,A,D,C,B,2,2,2,2,2,4,4,4,4,2,4,4,4,4,4,3,3,4,3,3,2,2,4,3,2,3,3,3,3,2,2,2,NA,NA
SEP_7_0455,7634FA22,fall-2022,2022-11-08,2022,2022-2023,fall,62,2022-09-07,7,5,2,86,95,A,C,B,B,D,C,A,C,C,C,C,B,C,C,C,C,4,1,4,4,5,2,2,4,3,3,3,3,3,3,4,3,3,3,3,3,4,2,1,1,1,1,1,1,5,2,2,2,NA,NA
SEP_7_0456,7686FA22,fall-2022,2022-11-10,2022,2022-2023,fall,64,2022-09-07,7,7,7,116,112,A,B,B,B,D,B,A,B,B,C,C,D,A,D,A,C,1,1,1,1,1,4,5,4,5,2,5,4,5,5,4,4,4,4,3,5,2,4,5,5,5,4,5,4,5,1,4,4,NA,NA
SEP_7_0457,7693FA22,fall-2022,2022-11-11,2022,2022-2023,fall,65,2022-09-07,7,2,3,88,81,A,A,A,C,B,C,A,D,A,D,D,B,A,B,A,D,5,4,4,2,4,2,2,2,3,2,2,2,4,4,4,3,3,4,4,2,4,2,2,2,1,2,2,2,2,3,2,2,NA,NA
SEP_7_0458,7834FA22,fall-2022,2022-11-12,2022,2022-2023,fall,66,2022-09-07,7,2,2,71,82,C,C,D,C,D,B,D,C,C,B,D,B,A,C,A,C,5,5,5,3,5,2,1,1,1,5,1,1,3,1,1,4,4,4,2,1,5,1,1,1,1,1,1,1,1,1,1,1,NA,NA
SEP_7_0459,7837FA22,fall-2022,2022-11-12,2022,2022-2023,fall,66,2022-09-07,7,4,5,118,96,A,C,B,A,D,C,A,D,B,C,A,D,A,A,D,D,1,1,2,1,1,4,5,5,5,2,5,5,5,5,5,4,4,3,4,5,1,5,5,5,5,5,4,3,5,1,4,3,NA,NA
SEP_7_0460,7871FA22,fall-2022,2022-11-12,2022,2022-2023,fall,66,2022-09-07,7,2,2,86,80,A,A,C,A,A,C,A,C,B,A,B,C,A,B,C,B,4,4,5,4,3,2,1,2,5,1,3,3,3,4,3,3,1,1,2,2,4,3,2,2,1,2,3,3,4,4,1,1,NA,NA
SEP_7_0461,7881FA22,fall-2022,2022-11-12,2022,2022-2023,fall,66,2022-09-07,7,1,5,104,96,D,D,C,B,A,C,D,D,B,C,C,D,A,B,D,C,2,1,3,2,2,4,4,4,4,2,4,4,4,2,4,4,4,4,4,4,4,4,2,4,2,4,4,2,4,2,4,2,NA,NA
SEP_7_0462,7925FA22,fall-2022,2022-11-15,2022,2022-2023,fall,69,2022-09-07,7,2,3,95,83,A,C,A,A,B,B,B,B,A,A,C,D,A,C,D,A,3,2,2,2,2,4,4,4,4,2,4,4,2,4,4,2,2,2,1,4,4,2,4,3,2,2,3,4,4,2,4,3,NA,NA
SEP_7_0463,7964FA22,fall-2022,2022-11-16,2022,2022-2023,fall,70,2022-09-07,7,4,5,115,84,A,A,B,B,B,A,A,C,B,C,C,B,A,D,C,C,1,1,3,1,1,4,4,4,4,2,3,4,5,5,5,4,5,5,4,4,2,4,5,4,4,4,4,4,4,1,5,5,NA,NA
SEP_7_0464,7987FA22,fall-2022,2022-11-16,2022,2022-2023,fall,70,2022-09-07,7,5,4,82,88,A,D,B,A,D,A,A,A,C,C,C,C,D,C,A,D,5,5,5,5,5,1,2,2,1,3,1,3,3,4,4,3,3,4,2,1,4,2,1,1,1,1,1,1,1,5,1,1,NA,NA
SEP_7_0465,8079FA22,fall-2022,2022-11-17,2022,2022-2023,fall,71,2022-09-07,7,2,1,97,110,B,C,C,A,A,B,A,D,C,A,D,A,C,A,C,D,3,3,3,4,3,3,3,3,3,3,3,3,3,3,3,3,3,3,3,3,3,3,3,3,3,3,3,3,3,3,3,3,NA,NA
SEP_7_0466,8087FA22,fall-2022,2022-11-19,2022,2022-2023,fall,73,2022-09-07,7,4,5,101,82,A,B,A,A,D,A,A,D,B,C,C,C,A,D,C,B,2,2,3,1,2,2,1,4,3,1,3,3,5,5,5,5,5,4,5,3,2,4,1,4,2,4,3,4,3,2,4,4,NA,NA
SEP_7_0467,8166FA22,fall-2022,2022-11-19,2022,2022-2023,fall,73,2022-09-07,7,2,3,101,70,A,B,C,D,B,C,D,D,A,B,A,A,A,D,C,D,3,3,3,3,3,3,3,3,3,3,4,4,4,4,4,3,3,3,3,3,3,3,3,3,3,3,3,3,3,3,3,3,NA,NA
SEP_7_0468,8182FA22,fall-2022,2022-11-19,2022,2022-2023,fall,73,2022-09-07,7,3,1,110,78,C,B,A,B,A,A,C,A,A,B,C,A,B,A,C,B,2,4,4,2,4,4,4,4,4,2,1,1,3,4,4,2,4,5,4,2,4,4,2,4,4,4,2,4,5,4,4,5,NA,NA
SEP_7_0469,8247FA22,fall-2022,2022-11-21,2022,2022-2023,fall,75,2022-09-07,7,7,8,104,101,A,B,B,D,D,B,A,A,B,C,C,D,A,D,A,D,2,3,2,2,2,3,4,3,3,2,4,4,4,3,4,4,4,4,4,4,3,4,5,3,2,4,4,4,3,4,2,1,NA,NA
SEP_7_0470,8269FA22,fall-2022,2022-11-19,2022,2022-2023,fall,73,2022-09-07,7,3,2,93,121,D,C,A,B,D,C,B,A,B,C,A,C,B,A,D,B,3,5,4,3,3,1,3,4,2,3,4,3,4,3,3,2,3,3,2,4,2,2,3,3,2,3,3,3,3,4,2,1,NA,NA
SEP_7_0471,8284FA22,fall-2022,2022-11-19,2022,2022-2023,fall,73,2022-09-07,7,5,7,95,117,D,B,B,C,D,B,A,D,B,C,C,D,A,D,A,C,2,1,2,2,3,4,5,4,4,2,3,4,2,2,4,2,2,3,2,2,4,4,5,3,3,2,4,4,4,2,3,2,NA,NA
SEP_7_0472,8295FA22,fall-2022,2022-11-20,2022,2022-2023,fall,74,2022-09-07,7,3,5,108,120,D,D,B,A,D,C,A,D,B,A,D,D,A,D,A,B,2,2,2,2,2,4,4,4,4,2,4,4,5,4,5,4,5,4,3,4,2,4,5,4,3,3,4,3,4,2,2,2,NA,NA
SEP_7_0473,8366FA22,fall-2022,2022-11-20,2022,2022-2023,fall,74,2022-09-07,7,4,2,100,93,A,B,B,C,A,B,B,B,B,A,D,C,D,B,A,C,2,1,1,1,1,4,4,3,4,2,3,4,2,4,4,4,4,4,4,4,2,4,4,3,3,4,3,3,4,2,4,4,NA,NA
SEP_7_0474,8438FA22,fall-2022,2022-11-21,2022,2022-2023,fall,75,2022-09-07,7,7,4,96,100,A,A,B,B,D,B,A,A,B,A,B,D,C,D,A,C,3,4,4,4,4,2,3,3,4,2,3,4,4,4,4,2,4,5,4,2,3,3,2,2,2,2,2,4,1,4,1,1,NA,NA
SEP_7_0475,8451FA22,fall-2022,2022-11-21,2022,2022-2023,fall,75,2022-09-07,7,4,1,117,55,D,B,A,B,D,C,A,D,B,A,D,A,C,C,C,B,4,1,1,1,1,4,4,5,4,2,5,4,5,5,4,5,5,4,4,5,2,5,4,4,4,4,4,4,3,2,4,4,NA,NA
SEP_7_0476,8504FA22,fall-2022,2022-11-21,2022,2022-2023,fall,75,2022-09-07,7,3,2,110,91,A,B,A,C,A,C,A,D,B,C,D,B,C,C,D,A,2,2,4,4,2,4,2,2,5,2,4,4,4,5,5,5,5,4,5,4,2,4,4,4,2,4,2,4,4,2,2,2,NA,NA
SEP_7_0477,8526FA22,fall-2022,2022-11-21,2022,2022-2023,fall,75,2022-09-07,7,2,1,78,73,A,C,A,C,A,C,A,C,C,A,A,B,A,A,B,B,5,5,5,5,5,1,1,1,2,4,1,2,4,3,3,3,2,3,1,1,4,2,1,1,1,1,2,1,1,5,1,1,NA,NA
SEP_7_0478,8536FA22,fall-2022,2022-11-21,2022,2022-2023,fall,75,2022-09-07,7,2,3,121,120,D,C,A,D,B,B,A,B,B,C,D,C,C,D,C,C,1,1,2,1,1,4,4,4,5,1,5,5,5,5,5,5,5,5,5,5,1,5,5,5,5,5,5,4,5,1,3,3,NA,NA
SEP_7_0479,8648FA22,fall-2022,2022-11-23,2022,2022-2023,fall,77,2022-09-07,7,2,1,91,66,A,C,D,B,A,C,D,C,A,A,D,B,C,A,C,D,4,2,4,4,2,4,2,4,4,1,5,2,2,2,2,4,4,2,1,1,2,5,4,2,1,2,2,4,4,5,2,2,NA,NA
SEP_7_0480,8680FA22,fall-2022,2022-11-23,2022,2022-2023,fall,77,2022-09-07,7,2,3,90,89,A,C,A,C,B,B,C,D,D,C,B,D,A,C,B,B,3,2,3,2,3,4,3,3,3,3,3,3,3,4,3,3,2,3,3,2,3,2,4,3,3,3,3,3,3,3,1,1,NA,NA
SEP_7_0481,8721FA22,fall-2022,2022-11-28,2022,2022-2023,fall,82,2022-09-07,7,3,1,97,82,D,D,B,C,C,B,A,B,C,D,B,B,A,C,C,B,2,2,3,1,1,3,4,3,4,2,2,4,5,5,4,3,4,4,4,4,3,2,4,3,2,2,1,3,4,3,3,3,NA,NA
SEP_7_0482,8745FA22,fall-2022,2022-11-28,2022,2022-2023,fall,82,2022-09-07,7,4,1,105,92,A,C,A,C,D,B,A,D,C,B,C,C,D,B,C,A,2,2,2,2,2,4,4,4,4,2,3,4,4,4,4,3,3,4,4,4,2,4,5,4,3,3,3,4,4,3,3,2,NA,NA
SEP_7_0483,8772FA22,fall-2022,2022-11-28,2022,2022-2023,fall,82,2022-09-07,7,2,1,89,93,C,C,B,C,A,C,A,D,C,A,A,B,A,B,C,B,5,4,4,4,5,2,2,2,3,2,3,3,4,2,3,3,2,2,3,3,4,3,1,1,1,3,2,3,4,4,1,1,NA,NA
SEP_7_0484,8781FA22,fall-2022,2022-11-29,2022,2022-2023,fall,83,2022-09-07,7,7,3,82,81,A,B,B,C,D,B,A,A,B,C,C,C,D,C,D,B,3,2,3,1,4,2,2,3,2,3,3,3,2,2,4,3,2,3,4,2,3,4,4,3,1,3,1,2,2,4,1,1,NA,NA
SEP_7_0485,8962FA22,fall-2022,2022-12-13,2022,2022-2023,fall,97,2022-09-07,7,2,2,85,109,A,C,A,C,A,B,B,B,B,D,A,B,A,B,B,C,4,4,4,4,4,2,2,2,4,3,2,2,2,3,2,3,3,2,3,2,4,2,2,2,2,2,2,2,2,4,2,2,NA,NA
